-- phpMyAdmin SQL Dump
-- version 5.2.1
-- https://www.phpmyadmin.net/
--
-- Host: 127.0.0.1
-- Generation Time: Nov 19, 2024 at 02:16 AM
-- Server version: 10.4.32-MariaDB
-- PHP Version: 8.2.12

SET SQL_MODE = "NO_AUTO_VALUE_ON_ZERO";
START TRANSACTION;
SET time_zone = "+00:00";


/*!40101 SET @OLD_CHARACTER_SET_CLIENT=@@CHARACTER_SET_CLIENT */;
/*!40101 SET @OLD_CHARACTER_SET_RESULTS=@@CHARACTER_SET_RESULTS */;
/*!40101 SET @OLD_COLLATION_CONNECTION=@@COLLATION_CONNECTION */;
/*!40101 SET NAMES utf8mb4 */;

--
-- Database: `jk`
--

-- --------------------------------------------------------

--
-- Table structure for table `activities`
--

CREATE TABLE `activities` (
  `id` int(11) NOT NULL,
  `actname` varchar(200) NOT NULL,
  `barangay` varchar(255) NOT NULL,
  `date` date NOT NULL,
  `picture` blob DEFAULT NULL,
  `description` text DEFAULT NULL
) ENGINE=InnoDB DEFAULT CHARSET=utf8mb4 COLLATE=utf8mb4_general_ci;

--
-- Dumping data for table `activities`
--

INSERT INTO `activities` (`id`, `actname`, `barangay`, `date`, `picture`, `description`) VALUES
(11, 'Balsa Festival', 'Lower Jasaan', '2024-03-26', 0x696d616765732f62616c73612e6a7067, 'balsa is a celebration every araw ng lower jasaan');

--
-- Triggers `activities`
--
DELIMITER $$
CREATE TRIGGER `activities_delete_trigger` AFTER DELETE ON `activities` FOR EACH ROW BEGIN
    INSERT INTO activities_archive (id, actname, barangay, date, picture, description, deleted_at)
    VALUES (OLD.id, OLD.actname, OLD.barangay, OLD.date, OLD.picture, OLD.description, NOW());
END
$$
DELIMITER ;

-- --------------------------------------------------------

--
-- Table structure for table `activities_archive`
--

CREATE TABLE `activities_archive` (
  `id` int(11) NOT NULL,
  `actname` varchar(255) DEFAULT NULL,
  `barangay` varchar(255) DEFAULT NULL,
  `date` date DEFAULT NULL,
  `picture` blob DEFAULT NULL,
  `description` text DEFAULT NULL,
  `deleted_at` timestamp NOT NULL DEFAULT current_timestamp()
) ENGINE=InnoDB DEFAULT CHARSET=utf8mb4 COLLATE=utf8mb4_general_ci;

--
-- Dumping data for table `activities_archive`
--

INSERT INTO `activities_archive` (`id`, `actname`, `barangay`, `date`, `picture`, `description`, `deleted_at`) VALUES
(19, 'balablablaaaa', 'Jampason Jasaan Misamis Oriental', '2024-05-23', 0x696d616765732f6c61626c61622e6a7067, 'gwegfoiqehoV', '2024-04-22 23:38:42'),
(14, 'Ms. Agutayan', 'Jampason, Jasaan Misamis Oriental', '2024-04-29', 0x696d616765732f3334353539353139365f3933303339323930383239383332365f323937383730353133333832363635313336335f6e2e6a7067, 'mao ray ma dali2 nga kalingawan inig araw ng jampason', '2024-08-16 08:48:30'),
(18, 'jsddndj', 'kdskldks', '2024-04-01', 0x696d616765732f3433323639373635395f3432373533343934323936353537385f363038383336333832333537313934313838375f6e2e706e67, 'jshklskl', '2024-08-16 08:48:34'),
(10, 'Katubigan Festival', 'Upper Jasaan, Jasaan Misamis Oriental', '2023-12-08', 0x696d616765732f4b617475626967616e2d466573746976616c2e6a7067, 'katubigan festival nga way tubiiig! wow jasaaan!!! luso mayor red', '2024-11-09 07:44:57');

-- --------------------------------------------------------

--
-- Table structure for table `attractions`
--

CREATE TABLE `attractions` (
  `ID` int(11) NOT NULL,
  `Name` varchar(255) NOT NULL,
  `Location` varchar(255) NOT NULL,
  `Type` varchar(100) DEFAULT NULL,
  `Description` text DEFAULT NULL,
  `CreatedAt` timestamp NOT NULL DEFAULT current_timestamp()
) ENGINE=InnoDB DEFAULT CHARSET=utf8mb4 COLLATE=utf8mb4_general_ci;

--
-- Dumping data for table `attractions`
--

INSERT INTO `attractions` (`ID`, `Name`, `Location`, `Type`, `Description`, `CreatedAt`) VALUES
(1, 'Hinaguan Farm', 'Solana, Jasaan Misamis Oriental', 'Farm Resort', 'qwertyyyyyyyy', '2024-08-16 09:31:51'),
(2, 'Agutayan White Island', 'Jampason Jasaan Misamis Oriental', 'White Island', 'Agutayan White Island is a pristine sandbar located off the coast of Jasaan, Misamis Oriental. This picturesque destination is surrounded by crystal-clear turquoise waters, making it a perfect spot for snorkeling, swimming, and relaxing. The sandbar offers stunning views of the horizon, especially during sunrise and sunset, creating a serene and idyllic atmosphere.\r\n\r\n', '2024-11-19 01:14:17');

-- --------------------------------------------------------

--
-- Table structure for table `barangay`
--

CREATE TABLE `barangay` (
  `id` int(11) NOT NULL,
  `name` varchar(255) DEFAULT NULL,
  `population` int(11) DEFAULT NULL,
  `history` text DEFAULT NULL,
  `officials` varchar(255) DEFAULT NULL,
  `map` varchar(255) DEFAULT NULL,
  `events` text DEFAULT NULL
) ENGINE=InnoDB DEFAULT CHARSET=utf8mb4 COLLATE=utf8mb4_general_ci;

-- --------------------------------------------------------

--
-- Table structure for table `cmmnt`
--

CREATE TABLE `cmmnt` (
  `id` int(11) NOT NULL,
  `complaint_id` int(11) NOT NULL,
  `comment` text NOT NULL,
  `date` timestamp NOT NULL DEFAULT current_timestamp()
) ENGINE=InnoDB DEFAULT CHARSET=utf8mb4 COLLATE=utf8mb4_general_ci;

--
-- Dumping data for table `cmmnt`
--

INSERT INTO `cmmnt` (`id`, `complaint_id`, `comment`, `date`) VALUES
(1, 6, 'oyeeah', '2024-11-03 03:38:33'),
(2, 6, 'okaay kaayo', '2024-11-03 03:44:52'),
(3, 6, 'yes', '2024-11-03 04:08:37'),
(4, 7, 'ngano mani?', '2024-11-03 04:09:14'),
(5, 9, 'heeeh', '2024-11-03 04:56:27'),
(6, 13, 'qwertyu', '2024-11-03 05:15:32');

-- --------------------------------------------------------

--
-- Table structure for table `comments`
--

CREATE TABLE `comments` (
  `id` int(11) NOT NULL,
  `activity_id` int(11) NOT NULL,
  `comment` text NOT NULL,
  `created_at` timestamp NOT NULL DEFAULT current_timestamp()
) ENGINE=InnoDB DEFAULT CHARSET=utf8mb4 COLLATE=utf8mb4_general_ci;

--
-- Dumping data for table `comments`
--

INSERT INTO `comments` (`id`, `activity_id`, `comment`, `created_at`) VALUES
(9, 11, 'qwerty', '2024-11-09 07:55:10');

-- --------------------------------------------------------

--
-- Table structure for table `compcomments`
--

CREATE TABLE `compcomments` (
  `id` int(11) NOT NULL,
  `complaint_id` int(11) NOT NULL,
  `commenter_name` varchar(255) NOT NULL,
  `comment` text NOT NULL,
  `date` timestamp NOT NULL DEFAULT current_timestamp(),
  `file` varchar(255) DEFAULT NULL
) ENGINE=InnoDB DEFAULT CHARSET=utf8mb4 COLLATE=utf8mb4_general_ci;

-- --------------------------------------------------------

--
-- Table structure for table `complaints`
--

CREATE TABLE `complaints` (
  `id` int(11) NOT NULL,
  `title` varchar(255) NOT NULL,
  `complaint` text NOT NULL,
  `type` varchar(100) NOT NULL,
  `date` date NOT NULL,
  `barangay` varchar(100) NOT NULL,
  `file` varchar(255) DEFAULT NULL,
  `status` varchar(255) DEFAULT '',
  `complainant` varchar(255) DEFAULT NULL,
  `contactnum` varchar(15) DEFAULT NULL
) ENGINE=InnoDB DEFAULT CHARSET=utf8mb4 COLLATE=utf8mb4_general_ci;

--
-- Dumping data for table `complaints`
--

INSERT INTO `complaints` (`id`, `title`, `complaint`, `type`, `date`, `barangay`, `file`, `status`, `complainant`, `contactnum`) VALUES
(1, 'Noise Complaint', 'There is a lot of noise coming from the construction site near my house.', 'Noise', '2024-05-01', 'Barangay 1', 'files/noise_complaint.pdf', 'Under Observation', NULL, NULL),
(2, 'Water Supply Issue', 'We have not received water supply for the past three days.', 'Utilities', '2024-05-02', 'Barangay 2', 'files/water_supply_issue.pdf', 'Under Observation', NULL, NULL),
(3, 'Street Light Not Working', 'The street light near my house is not working for over a week now.', 'Infrastructure', '2024-05-03', 'Barangay 3', 'files/street_light_issue.pdf', 'Under Observation', NULL, NULL),
(4, 'Garbage Collection Delay', 'Garbage has not been collected for the past week.', 'Sanitation', '2024-05-04', 'Barangay 4', 'files/garbage_collection_delay.pdf', 'Under Observation', NULL, NULL),
(5, 'Road Damage', 'The main road in our area has several potholes that need immediate repair.', 'Infrastructure', '2024-05-05', 'Barangay 5', 'files/road_damage.pdf', 'Under Observation', NULL, NULL),
(6, 'wawawaa', 'sfnvpn en gnip n twil n fnfjg iwn n ptepin neknkn', 'Public', '2024-05-23', 'Lower Jasaan Purok 2', '', 'Under Observation', NULL, NULL),
(7, 'wawawaa', 'sfnvpn en gnip n twil n fnfjg iwn n ptepin neknkn', 'Public', '2024-05-23', 'Lower Jasaan Purok 2', '', '', NULL, NULL),
(8, 'awayyyy', 'awayyyy', 'Public', '2024-10-23', 'Jampason', '', '', NULL, NULL),
(9, 'wdwegw', 'wfrwehwheah', 'Public', '2024-11-02', 'Barangay 1', '', 'Pending', NULL, NULL),
(10, 'tagay', 'inumaaaaa', 'Public', '2024-11-12', 'Barangay 2', 'uploaded_files/464200897_8642253065882489_8641492553085086604_n.mp4', 'Pending', 'chester', '09054208679'),
(11, 'Sample', 'Until recently, the prevailing view assumed lorem ipsum was born as a nonsense text. “It’s not Latin, though it looks like it, and it actually says nothing,” Before & After magazine answered a curious reader, “Its ‘words’ loosely approximate the frequency with which letters occur in English, which is why at a glance it looks pretty real.”\r\n\r\nAs Cicero would put it, “Um, not so fast.”\r\n\r\nThe placeholder text, beginning with the line “Lorem ipsum dolor sit amet, consectetur adipiscing elit”, looks like Latin because in its youth, centuries ago, it was Latin.', 'Public', '2024-11-16', 'Barangay 1', '', 'Pending', '', '09191234567');

-- --------------------------------------------------------

--
-- Table structure for table `household`
--

CREATE TABLE `household` (
  `ID` int(11) NOT NULL,
  `household_leader` varchar(255) NOT NULL,
  `number` text DEFAULT NULL,
  `address` varchar(255) DEFAULT NULL,
  `social_status` enum('indigent','average','above average') DEFAULT NULL
) ENGINE=InnoDB DEFAULT CHARSET=utf8mb4 COLLATE=utf8mb4_general_ci;

--
-- Dumping data for table `household`
--

INSERT INTO `household` (`ID`, `household_leader`, `number`, `address`, `social_status`) VALUES
(1, 'Ranan Genia', '7', 'Lower Jasaan Misamis Oriental', 'average');

-- --------------------------------------------------------

--
-- Table structure for table `households`
--

CREATE TABLE `households` (
  `id` int(11) NOT NULL,
  `household_leader_id` int(11) DEFAULT NULL,
  `household_name` varchar(255) DEFAULT NULL,
  `created_at` timestamp NOT NULL DEFAULT current_timestamp(),
  `appliances` varchar(255) DEFAULT NULL,
  `own_electricity` enum('Yes','No') DEFAULT NULL,
  `own_water` enum('Yes','No') DEFAULT NULL,
  `water_source` varchar(255) DEFAULT NULL,
  `vehicles` varchar(255) DEFAULT NULL,
  `house_size` int(11) DEFAULT NULL,
  `year_built` int(11) DEFAULT NULL,
  `house_ownership` enum('Owned','Rental') DEFAULT NULL,
  `num_families` int(11) DEFAULT NULL,
  `has_business` enum('Yes','No') DEFAULT NULL,
  `business_type` varchar(255) DEFAULT NULL,
  `gadgets_owned` varchar(255) DEFAULT NULL
) ENGINE=InnoDB DEFAULT CHARSET=utf8mb4 COLLATE=utf8mb4_general_ci;

--
-- Dumping data for table `households`
--

INSERT INTO `households` (`id`, `household_leader_id`, `household_name`, `created_at`, `appliances`, `own_electricity`, `own_water`, `water_source`, `vehicles`, `house_size`, `year_built`, `house_ownership`, `num_families`, `has_business`, `business_type`, `gadgets_owned`) VALUES
(2, NULL, 'Pahunang Household', '2024-10-06 17:47:44', NULL, NULL, NULL, NULL, NULL, NULL, NULL, NULL, NULL, NULL, NULL, NULL),
(7, NULL, 'Primer Household', '2024-10-06 19:12:00', 'TV, Refrigerator, Washing Machine, Air Conditioner, Sound System, Gas Stove', 'Yes', 'Yes', 'LGU', 'Car, Motorcycle', 200, 1990, '', 1, '', 'Sari-Sari Store', NULL),
(13, NULL, 'Ranan Household', '2024-10-06 19:35:23', 'TV, Refrigerator, Washing Machine, Sound System, Gas Stove', 'Yes', 'Yes', 'LGU', 'Motorcycle', 150, 1985, '', 2, '', NULL, NULL),
(15, NULL, 'Joly Tomimbang Household', '2024-10-06 21:32:17', 'TV', 'Yes', 'Yes', 'LGU', NULL, 100, 2010, '', 3, '', NULL, NULL);

-- --------------------------------------------------------

--
-- Table structure for table `officials`
--

CREATE TABLE `officials` (
  `id` int(11) NOT NULL,
  `name` varchar(255) NOT NULL,
  `position` varchar(255) NOT NULL,
  `barangay` varchar(255) NOT NULL,
  `age` int(11) NOT NULL,
  `contactnum` varchar(20) NOT NULL,
  `image` blob NOT NULL,
  `yearofterm` varchar(11) NOT NULL
) ENGINE=InnoDB DEFAULT CHARSET=utf8mb4 COLLATE=utf8mb4_general_ci;

--
-- Dumping data for table `officials`
--

INSERT INTO `officials` (`id`, `name`, `position`, `barangay`, `age`, `contactnum`, `image`, `yearofterm`) VALUES
(5, 'shairo', 'Secretary', 'jasaan', 22, '09161165176', 0x75706c6f6164732f636f6d706c61696e742e77656270, '2022-2025'),
(13, 'chester', 'kagawad', 'jasaan', 22, '09161165176', 0x696d616765732f6d696775656c69746f2e6a7067, '2022-2025'),
(14, 'chester', 'kagawad', 'jasaan', 22, '09161165176', 0x696d616765732f6d696775656c69746f2e6a7067, '2022-2025'),
(15, 'cherry', 'kagawad', 'jasaan', 22, '09161165176', 0x696d616765732f6164762e6a7067, '2022-2025'),
(16, 'lovely', 'kagawad', 'jasaan', 22, '09161165176', 0x696d616765732f7164732e6a7067, '2022-2025'),
(17, 'charlie', 'kagawad', 'jasaan', 22, '09161165176', 0x696d616765732f6c6562726f6f6e2e6a666966, '2022-2025'),
(18, 'shaiwoo', 'kagawad', 'jasaan', 22, '09161165176', 0x696d616765732f616473782e6a7067, '2022-2025'),
(19, 'scott', 'Kapitan', 'jasaan', 22, '09161165176', 0x696d616765732f6c756b612e6a666966, '2022-2025'),
(20, 'line', 'sk chairman', 'jasaan', 22, '09161165176', 0x696d616765732f6d656d652e6a7067, '2022-2025'),
(21, 'meena', 'sk kagawad', 'jasaan', 22, '09161165176', 0x696d616765732f726f73652e6a7067, '2022-2025'),
(22, 'nina', 'sk kagawad', 'jasaan', 22, '09161165176', 0x696d616765732f61772e6a7067, '2022-2025'),
(23, 'Batang Brayt', 'kapitan', 'Jampason Jasaan Misamis Oriental', 22, '09161165176', 0x696d616765732f, '2022-2025'),
(24, 'Jan chester ', 'kapitan', 'Upper Jasaan Misamis Oriental', 22, '09161165176', 0x696d616765732f73746570702e6a666966, '2022-2025');

-- --------------------------------------------------------

--
-- Table structure for table `pictures`
--

CREATE TABLE `pictures` (
  `ID` int(11) NOT NULL,
  `AttractionID` int(11) NOT NULL,
  `PictureURL` varchar(255) NOT NULL,
  `CreatedAt` timestamp NOT NULL DEFAULT current_timestamp()
) ENGINE=InnoDB DEFAULT CHARSET=utf8mb4 COLLATE=utf8mb4_general_ci;

--
-- Dumping data for table `pictures`
--

INSERT INTO `pictures` (`ID`, `AttractionID`, `PictureURL`, `CreatedAt`) VALUES
(1, 1, 'images/66bf1c871f8c3-66be4f24b51d6-hin.jpg', '2024-08-16 09:31:51'),
(2, 1, 'images/66bf1c872276d-66be4f24b61e7-hinaguan.jpg', '2024-08-16 09:31:51'),
(3, 1, 'images/66bf1c8723a2f-66be4f24b297a-hina.jpg', '2024-08-16 09:31:51'),
(4, 1, 'images/66bf1c8724e31-66be4fe6ee452-hinaguan.jpg', '2024-08-16 09:31:51'),
(5, 2, 'images/673be6695637d-ag.JPG', '2024-11-19 01:14:17');

-- --------------------------------------------------------

--
-- Table structure for table `residents`
--

CREATE TABLE `residents` (
  `id` int(11) NOT NULL,
  `fname` varchar(50) DEFAULT NULL,
  `mname` varchar(50) DEFAULT NULL,
  `lname` varchar(50) DEFAULT NULL,
  `ext` varchar(10) DEFAULT NULL,
  `bday` date DEFAULT NULL,
  `age` int(11) DEFAULT NULL,
  `religion` varchar(50) DEFAULT NULL,
  `civil_status` varchar(50) DEFAULT NULL,
  `employment_status` varchar(50) DEFAULT NULL,
  `voter_status` varchar(10) DEFAULT NULL,
  `educ_attainment` varchar(50) DEFAULT NULL,
  `contact_num` varchar(20) DEFAULT NULL,
  `is_household_head` tinyint(1) DEFAULT 0,
  `fam_count` int(11) DEFAULT NULL,
  `fam_income` decimal(10,2) DEFAULT NULL,
  `address` varchar(255) DEFAULT NULL,
  `household_head_id` int(11) DEFAULT NULL,
  `date_created` timestamp NOT NULL DEFAULT current_timestamp(),
  `owned_vehicles` text DEFAULT NULL,
  `owned_appliances` text DEFAULT NULL,
  `owned_gadgets` text DEFAULT NULL,
  `benefits` varchar(255) DEFAULT NULL,
  `house_ownership` enum('owned','rental') DEFAULT NULL,
  `house_area` int(11) DEFAULT NULL,
  `date_built` date DEFAULT NULL,
  `own_water` tinyint(1) DEFAULT 0,
  `water_source` varchar(255) DEFAULT NULL,
  `own_electricity` tinyint(1) DEFAULT 0,
  `has_business` tinyint(1) DEFAULT 0,
  `business_type` varchar(255) DEFAULT NULL,
  `student_level` varchar(50) DEFAULT NULL,
  `type_of_work` varchar(100) DEFAULT NULL,
  `gender` enum('Male','Female','Other') NOT NULL
) ENGINE=InnoDB DEFAULT CHARSET=utf8mb4 COLLATE=utf8mb4_general_ci;

--
-- Dumping data for table `residents`
--

INSERT INTO `residents` (`id`, `fname`, `mname`, `lname`, `ext`, `bday`, `age`, `religion`, `civil_status`, `employment_status`, `voter_status`, `educ_attainment`, `contact_num`, `is_household_head`, `fam_count`, `fam_income`, `address`, `household_head_id`, `date_created`, `owned_vehicles`, `owned_appliances`, `owned_gadgets`, `benefits`, `house_ownership`, `house_area`, `date_built`, `own_water`, `water_source`, `own_electricity`, `has_business`, `business_type`, `student_level`, `type_of_work`, `gender`) VALUES
(1, 'shairo', 'naingue', 'pahunang', '', '2024-10-08', 0, 'RC', 'single', 'unemployed', 'YES', 'college', '09123456789', 1, 3, 23455.00, 'Purok mauswaon kimaya jasaan misamis oriental', NULL, '2024-10-08 00:13:06', NULL, NULL, NULL, NULL, NULL, NULL, NULL, 0, NULL, 0, 0, NULL, NULL, NULL, 'Male'),
(2, 'james', 'naingue', 'pahunang', '', '2024-10-09', 0, 'Roman Catholic', '', 'unemployed', 'YES', 'college', '09123456789', 0, NULL, NULL, 'Purok mauswaon kimaya jasaan misamis oriental', 1, '2024-10-08 00:15:58', NULL, NULL, NULL, NULL, NULL, NULL, NULL, 0, NULL, 0, 0, NULL, NULL, NULL, 'Male'),
(3, 'Eddie', 'Malinao', 'Ranan', '', '2024-10-17', 0, 'Roman Catholic', 'single', 'unemployed', 'YES', 'college', '', 1, 4, 13214325.00, 'Purok mauswaon kimaya jasaan misamis oriental', NULL, '2024-10-08 00:26:28', 'motorcycle', 'refrigerator,washing_machine,sound_system,stove', 'smartphone,laptop', NULL, NULL, NULL, NULL, 0, NULL, 0, 0, NULL, NULL, NULL, 'Male'),
(4, 'Jed', 'Naingue', 'Ranan', '', '2003-04-28', 21, 'Roman Catholic', 'single', 'unemployed', 'YES', 'college', '09123456789', 0, NULL, NULL, 'Purok mauswaon kimaya jasaan misamis oriental', 3, '2024-10-08 00:28:07', NULL, NULL, NULL, NULL, NULL, NULL, NULL, 0, NULL, 0, 0, NULL, NULL, NULL, 'Male'),
(5, 'Shiela Mae', 'Madrigal', 'Galendez', '', '2002-03-10', 22, 'Roman Catholic', 'single', 'unemployed', 'YES', 'college', '09123456789', 1, 5, 12345567.00, 'Balingasag Blanco', NULL, '2024-10-08 00:41:50', 'motorcycle', 'refrigerator,washing_machine,tv,sound_system,stove', 'smartphone,laptop', 'PHILHEALTH', 'owned', 123, '2024-10-23', 0, '', 1, 0, '', NULL, NULL, 'Male'),
(6, NULL, 'ellezo', 'primer', '', NULL, 0, 'Roman Catholic', 'single', NULL, 'YES', 'college', '09123456789', 0, NULL, NULL, 'Balingasag Blanco', 5, '2024-10-08 00:43:07', NULL, NULL, NULL, NULL, NULL, NULL, NULL, 0, NULL, 0, 0, NULL, NULL, NULL, 'Male'),
(7, 'mark', 'Naingue', 'Ranan', '', '1994-10-09', 29, 'Roman Catholic', 'single', 'employed', 'yes', 'college', '09123456789', 0, NULL, NULL, 'Purok mauswaon kimaya jasaan misamis oriental', 3, '2024-10-08 00:55:01', NULL, NULL, NULL, NULL, NULL, NULL, NULL, 0, NULL, 0, 0, NULL, '', 'SEAMAN', 'Male'),
(8, 'Lovely Vanessa', 'N/A', 'Tomimbang', '', '2002-06-05', 22, 'Roman Catholic', 'single', 'student', 'yes', 'college', '09123456789', 1, 4, 123456.00, 'Jampason Jasaan Misamis Oriental', NULL, '2024-10-08 02:39:07', '', 'refrigerator,washing_machine,tv,sound_system,stove', 'smartphone,laptop', 'PHILHEALTH', 'owned', 123, '2024-10-31', 0, '', 1, 1, 'sari sari store', 'college', '', 'Female');

-- --------------------------------------------------------

--
-- Table structure for table `resident_archive`
--

CREATE TABLE `resident_archive` (
  `id` int(11) NOT NULL,
  `name` varchar(255) DEFAULT NULL,
  `address` varchar(255) DEFAULT NULL,
  `gender` varchar(10) DEFAULT NULL,
  `age` int(11) DEFAULT NULL,
  `status` varchar(50) DEFAULT NULL,
  `voter` tinyint(1) DEFAULT NULL,
  `birth_date` date DEFAULT NULL,
  `deleted_at` timestamp NOT NULL DEFAULT current_timestamp()
) ENGINE=InnoDB DEFAULT CHARSET=utf8mb4 COLLATE=utf8mb4_general_ci;

--
-- Dumping data for table `resident_archive`
--

INSERT INTO `resident_archive` (`id`, `name`, `address`, `gender`, `age`, `status`, `voter`, `birth_date`, `deleted_at`) VALUES
(26, 'Batang Brayt', 'Lower Jasaan, Jasaaan Misamis Oriental', '', 0, '', 0, '0000-00-00', '2024-04-22 21:05:19'),
(3, 'Ranan Genia', 'Lower Jasaan Misamis Oriental', 'Female', 59, 'Employed', 1, '1962-01-20', '2024-05-22 04:18:45');

-- --------------------------------------------------------

--
-- Table structure for table `rest`
--

CREATE TABLE `rest` (
  `id` int(11) NOT NULL,
  `lastname` varchar(100) DEFAULT NULL,
  `suffix` varchar(10) DEFAULT NULL,
  `firstname` varchar(100) DEFAULT NULL,
  `middlename` varchar(100) DEFAULT NULL,
  `birthdate` date DEFAULT NULL,
  `birthplace` varchar(100) DEFAULT NULL,
  `sex` enum('Male','Female','Other') DEFAULT NULL,
  `civilstatus` enum('Single','Married','Widowed','Divorced','Separated') DEFAULT NULL,
  `religion` varchar(50) DEFAULT NULL,
  `municipality` varchar(100) DEFAULT NULL,
  `barangay` varchar(100) DEFAULT NULL,
  `zone` varchar(50) DEFAULT NULL,
  `employment` varchar(100) DEFAULT NULL,
  `contactnum` varchar(15) DEFAULT NULL,
  `emailadd` varchar(100) DEFAULT NULL,
  `highesteduc` varchar(100) DEFAULT NULL,
  `household_leader_id` int(11) DEFAULT NULL,
  `is_leader` tinyint(1) DEFAULT 0
) ENGINE=InnoDB DEFAULT CHARSET=utf8mb4 COLLATE=utf8mb4_general_ci;

--
-- Dumping data for table `rest`
--

INSERT INTO `rest` (`id`, `lastname`, `suffix`, `firstname`, `middlename`, `birthdate`, `birthplace`, `sex`, `civilstatus`, `religion`, `municipality`, `barangay`, `zone`, `employment`, `contactnum`, `emailadd`, `highesteduc`, `household_leader_id`, `is_leader`) VALUES
(1, 'Paurom', 'N/A', 'Scott', 'Dael', '2001-08-08', 'Jasaan Hospital', 'Male', 'Single', 'Roman Catholic', 'Jasaan', 'Lower Jasaan', 'Zone 2', 'Student', '09161165176', 'scott@gmail.com', 'College', 1, 0),
(3, 'Llausas', 'N/A', 'Line Jen', 'Sabit', '2003-02-02', 'Jasaan Hospital', 'Female', 'Single', 'Roman Catholic', 'Jasaan', 'San Nicolas', 'Zone 10', 'Student', '09191234567', 'line@gmail.com', 'College', NULL, 1),
(6, 'Tomimbang', '', 'Lovely Vanessa', '', '2002-05-07', 'Jasaan Hospital', 'Female', 'Single', 'Roman Catholic', 'Jasaan', 'Lower Jasaan', 'Zone 2', 'Student', '09669321766', 'lovely@gmail.com', 'College', NULL, 1),
(7, 'Tumimbang', 'N/A', 'Eunice', 'Salaan', '2010-10-08', '', 'Female', 'Single', 'Roman Catholic', 'Jasaan', 'Jampason', 'Zone 2', 'Student', '09669321766', 'eunice@gmail.com', 'High School', 6, 0),
(8, 'Pahunang', 'N/A', 'Shairo James', 'Naingue', '1995-02-04', 'Jasaan Hospital', 'Male', 'Single', 'Roman Catholic', 'Jasaan', 'Lower Jasaan', 'Nahalinan Zone 3', 'Student', '09669321766', 'shairo@gmail.com', 'College', NULL, 1),
(20, 'Tumimbang', 'N/A', 'Derk', 'Salaan', '2005-04-20', 'Jasaan Hospital', 'Male', 'Single', 'Roman Catholic', 'Jasaan', 'Jampason', 'Zone 2', 'Student', '09912954666', 'derk@gamil.com', 'Senior High School', 6, 0),
(21, 'Marfe', 'N/A', 'Cherie Lyn', 'Lapiz', '2002-07-20', 'Jasaan Hospital', 'Female', 'Single', 'Roman Catholic', 'Jasaan', 'Lower Jasaan', 'Nahalinan Zone 3', 'Student', '09161165176', 'cherie@gmail.com', 'College', 3, 0),
(23, 'Ranan', 'N/A', 'Jed Lester', 'Naingue', '2003-04-28', 'Jasaan Hospital', 'Male', 'Single', 'Roman Catholic', 'Jasaan', 'Lower Jasaan', 'Nahalinan Zone 3', 'Student', '09912954666', 'jed@gmail.com', 'College', 8, 0),
(25, 'Bingat', 'N/A', 'Nathasha Mearch', 'Agbong', '2002-03-17', 'Jasaan Hospital', 'Female', 'Single', 'Roman Catholic', 'Jasaan', 'Lower Jasaan', 'Zone 5', 'Student', '09669321766', 'nathasha@gmail.com', 'College', NULL, 1),
(26, 'Tumimbang', 'N/A', 'Jafe Kairos', 'Salaan', '2020-07-26', 'Jasaan Hospital', 'Male', 'Single', 'Roman Catholic', 'Jasaan', 'Jampason', 'Zone 2', 'Student', '09669321766', 'kairos@gmail.com', 'Elementary', 6, 0),
(27, 'Primer', '', 'Charlie Jay', 'Ellezo', '2001-08-04', 'KImaya Jasaan Misamis Oriental', 'Female', 'Separated', 'Roman Catholic', 'Jasaan', 'Kimaya', 'purok Mauswagon', 'Student', '09669321766', 'cj@yahoo.com', 'College', NULL, 1),
(28, 'Badelic', '', 'Malou', 'Lag-e', '2003-02-11', 'Solana Jasaan', 'Female', 'Single', 'Roman Catholic', 'Jasaan', 'Solana', 'Zone 6', 'Student', '09191234567', 'malou@yahoo.com', 'College', NULL, 1),
(29, 'Dael', '', 'Jerome', 'Atlao', '2001-01-23', 'San Isidro', 'Male', 'Single', 'Roman Catholic', 'Jasaan', 'San Isidro', 'Zone 4', 'Employed', '09912954666', 'dael@gmail.com', 'College Graduate', NULL, 1),
(30, 'Vequizo', '', 'Cris Jimuel', 'Naingue', '2002-02-21', 'San Antonio', 'Male', 'Single', 'Roman Catholic', 'Jasaan', 'San Antonio', 'Zone 5', 'Student', '09654005691', 'criss@yahoo.com', 'College', NULL, 1),
(31, 'Caneos', 'Jr.', 'Bernadetto', 'Desuyo', '1994-02-12', ' Luz Banzon', 'Male', 'Single', 'Roman Catholic', 'Jasaan', 'Luz Banson', 'Zone 2', 'Student', '09669321766', 'resident@gmail.com', 'College', NULL, 1),
(32, 'Bensig', '', 'Angelica Mae', 'Raguilab', '2000-02-05', 'Upper Jasaan', 'Female', 'Single', 'Roman Catholic', 'Jasaan', 'Upper Jasaan', 'Zone 5', 'Employed', '09191234567', 'resident@gmail.com', 'College Graduate', NULL, 1),
(33, 'Kilaton', '', 'Leonises', 'Jalapan', '1996-12-12', 'Aplaya Jasaan', 'Male', 'Single', 'Roman Catholic', 'Jasaan', 'Aplaya', 'Zone 2', 'Employed', '09654005691', 'resident@gmail.com', 'College Graduate', NULL, 1),
(34, 'Nahiyal', '', 'Gabriel', 'Pahunang', '2012-12-04', 'Jasaan', 'Male', 'Single', 'Roman Catholic', 'Jasaan', 'Bobontugan', 'Zone 5', 'Student', '09161165176', 'resident@gmail.com', 'Elementary', 8, 0),
(35, 'Basadre', 'N/A', 'Luzel', 'Virtudazo', '1987-08-19', 'Danao Jasaan', 'Female', 'Married', 'Roman Catholic', 'Jasaan', 'Danao', 'Zone 11', 'Unemployed', '09161165176', 'luzel@gmail.com', 'College', NULL, 1),
(36, 'Fabre', 'N/A', 'Joan', 'Abejo', '1899-12-25', 'I.S Cruz', 'Female', 'Separated', 'Roman Catholic', 'Jasaan', 'I.S Cruz', 'Zone 3', 'Employed', '09912954666', 'joan@gmail.com', 'College Graduate', NULL, 1),
(37, 'Encoy', 'N/A', 'Joenell', 'Canoy', '1990-11-15', 'Natubo Jasaan', 'Male', 'Married', 'Roman Catholic', 'Jasaan', 'Natubo', 'Zone 10', 'Employed', '09912954666', 'joenell@gmail.com', 'College Graduate', NULL, 1),
(38, 'Rivera', 'N/A', 'Aiza', 'Binoong', '2000-06-05', 'Corrales Jasaan', 'Female', 'Single', 'Roman Catholic', 'Jasaan', 'Corrales', 'Zone 5', 'Student', '09161165176', 'aiza@gmail.com', 'College Graduate', NULL, 1),
(39, 'Tajuda', '', 'Miguelito', 'Ibale', '2024-11-07', 'Jasaan', 'Male', 'Single', 'Roman Catholic', 'Jasaan', 'Lower Jasaan', '2', 'Student', '09650625923', 'migs@gmail.com', 'College', NULL, 1);

-- --------------------------------------------------------

--
-- Table structure for table `user`
--

CREATE TABLE `user` (
  `id` int(11) NOT NULL,
  `name` varchar(100) NOT NULL,
  `email` varchar(100) NOT NULL,
  `password` varchar(255) NOT NULL,
  `role` varchar(50) NOT NULL,
  `pic` blob DEFAULT NULL,
  `barangay` varchar(255) NOT NULL
) ENGINE=InnoDB DEFAULT CHARSET=utf8mb4 COLLATE=utf8mb4_general_ci;

--
-- Dumping data for table `user`
--

INSERT INTO `user` (`id`, `name`, `email`, `password`, `role`, `pic`, `barangay`) VALUES
(1, 'James Shairo Pahunang', 'jamesshairo@gmail.com', '$2y$10$Y6Rf1YvXlPcl9bs4H5IBmOHOs37M0WEanxuGgrEYDd.7veNnHxa0.', 'Super Admin', NULL, 'Lower Jasaan');
INSERT INTO `user` (`id`, `name`, `email`, `password`, `role`, `pic`, `barangay`) VALUES
(3, 'Cherie Lyn Marfe', 'adminlower@gmail.com', '$2y$10$yOl8Lzqxv/O5ZiwXPLHSvOdjvfM0PY9NnlyWi1jwL8zzr5ts5Gg8m', 'Admin Lower Jasaan', 0xffd8ffe000104a46494600010100000100010000ffe201d84943435f50524f46494c45000101000001c86c636d73021000006d6e74725247422058595a2007e2000300140009000e001d616373704d53465400000000736177736374726c0000000000000000000000000000f6d6000100000000d32d68616e649d91003d4080b03d40742c819ea5228e000000000000000000000000000000000000000000000000000000000000000964657363000000f00000005f637072740000010c0000000c7774707400000118000000147258595a0000012c000000146758595a00000140000000146258595a00000154000000147254524300000168000000606754524300000168000000606254524300000168000000606465736300000000000000057552474200000000000000000000000074657874000000004343300058595a20000000000000f35400010000000116c958595a200000000000006fa0000038f20000038f58595a2000000000000062960000b789000018da58595a2000000000000024a000000f850000b6c463757276000000000000002a0000007c00f8019c0275038304c9064e08120a180c620ef411cf14f6186a1c2e204324ac296a2e7e33eb39b33fd646574d3654765c17641d6c8675567e8d882c92369caba78cb2dbbe99cac7d765e477f1f9ffffffdb004300090607080706090808080a0a090b0e170f0e0d0d0e1c14151117221e2323211e2020252a352d2527322820202e3f2f3237393c3c3c242d4246413a46353b3c39ffdb0043010a0a0a0e0c0e1b0f0f1b392620263939393939393939393939393939393939393939393939393939393939393939393939393939393939393939393939393939ffc000110803b703c003012200021101031101ffc4001f0000010501010101010100000000000000000102030405060708090a0bffc400b5100002010303020403050504040000017d01020300041105122131410613516107227114328191a1082342b1c11552d1f02433627282090a161718191a25262728292a3435363738393a434445464748494a535455565758595a636465666768696a737475767778797a838485868788898a92939495969798999aa2a3a4a5a6a7a8a9aab2b3b4b5b6b7b8b9bac2c3c4c5c6c7c8c9cad2d3d4d5d6d7d8d9dae1e2e3e4e5e6e7e8e9eaf1f2f3f4f5f6f7f8f9faffc4001f0100030101010101010101010000000000000102030405060708090a0bffc400b51100020102040403040705040400010277000102031104052131061241510761711322328108144291a1b1c109233352f0156272d10a162434e125f11718191a262728292a35363738393a434445464748494a535455565758595a636465666768696a737475767778797a82838485868788898a92939495969798999aa2a3a4a5a6a7a8a9aab2b3b4b5b6b7b8b9bac2c3c4c5c6c7c8c9cad2d3d4d5d6d7d8d9dae2e3e4e5e6e7e8e9eaf2f3f4f5f6f7f8f9faffda000c03010002110311003f00ed74fd01174d9750d1efae21660c4c3200c0b2e786e9cd686922e5746964d56ced9dc806188c6a19c0ee47a93cd55d22fbfb0f4316d78a9103134d1bb1281f2402083c8604d432789b4fbf9230646ba0f3a186d624c4919c11927be0f415a72b6ee26d6c7536da4d85bddbdec36714574e086900e79ab4d2c6b22c65d43b02550900903ae077c560f8735796ea002e2de2b6501f11a49bd9029fe2e4906a9eb735a6becf616afb6f612a6297701f2b0f98a907a6ca5cbad896ee7510cf0dc0730ca1f6398df69ce187041f7155267b75d4160674124c03846eac1324919f4e299a74ab6d637067b886430bb34af128006064e40eff005e4d55b47b2f10c969a82a8921857726e033e61ec71dc01c8a490fa935ddc4c258ae1248e18189895990b3124704760090052693394b4812f63486f5d3cc950312324e3777ea7b54bacc2d7f6cf630b9595c83bd78f2c039c93fc853dd846aed1ed2003e6dc310318ec0e0ff0080a604377a85d2dc451dada79881879cee7688d48ce71504511b8d662be48a192dc427171905893d028048031dea4b3b98f56b166b4923fb312d1b828727d79351e85a75a69292d9d9c772aaa43319589524f3c1e94c0d5269869f4c34c0635466a53519140094d229f49400c22a3352114c3400948694d25201b9a09a0d368010d31aa434c22801869b8a79a6e2980d34d34e6a6d002518a5a701400014bb4d3d053f148457229841ab6501a618c5005522931564c62a374c500458a314e029e138a06300a314fc52e28022c53b14f029fb452023084d3b61a900a940a432b18cd023ab240a6e2a8445b3029a454e45331401181462a5c518a008c253f14ea4c5002014b8a7014b8a004029e052015281400d514f02940a711523014f06a3a506802606941a8f34034013834a1ea1069734012efa8da4a69351934d201c5cd0243eb5193466a80b8d2fcaa3da90498aaa5e8f328b017525e6a759874acb1254a921cd0e298ae6a8e45155e197356339159b561a62d25231c29350c53867652791492bea0dd89c827bd2d22904714000503168a28a0028a28a004a5a4a5a0028a28a0086e14344d938e2b84d6940b963b89f635df3a87520d606a3a6a49270b823a102bab0d3517a9cf5a2e4b438da2b4b51b2921e5940f7e99acdaf56324d5d1c528b4ec145145310528a075a798ca8539073400a80ef1b7a83914f99d9f258e48a8c12a690927ad2b6a1718c4934da71a6d512145145300a28a29009494ea4a004a4a5a2801b452d140094518a5a0614514b4009452d2d0000514b45001494b46280128c52e2971401817faadc4b66f6773e65c166592396438288013851cf24364d67c7727cd8ef1192dde22be5a22e3a1ce6a09447e4a6c6767dc4f5c640ec07623f5a8dd252fe6940c91900b8525727a039f7af12ede877dddee6bc77f243ac1bb994972e64951881e61c82092383922b524d620b85fed05f3acaf5242f198630d18079c126b9b4946c4df92871bc300c307a95c74e9db9ab1a8db3584e968f72937caa5dd395407a719ea0f0452d7a0f63534cd5a3d2a20d0acd22dca98ee2191f69249f94afa103bd6fe977434f2e25bd46b4b9ccef044c2396190821801ce0761c826b9786f564949bf78e6f21710a4abb94b01c21208216a6935496ef548f55478cdfe017dc83cb40060601e3a517d2ecabf43a7f074b7fe68d3c84bab77612f9a6739584f731f0727d4d7706d2df6aaf929b53185c7031e82b8ed063d2d7585bc8af11ee2e233240e509200c8724670093d056ce8be218b50bf92c85a5cc330049793183824526eeee52b2563621b786dd4ac11471ab12c42280093d4f14f34a690d318da69a526909a00434c34a4d349a004a28a2801a6a37a9aa37a40426929cd4da0043494b450036834b4c95d628da49182a28e589c01400d34dcd557d574f5b68ae7ed7118a66091b29cee27d8552f115e6a1a7db1b8b54b765461957cee6c9c6da62bf5354d36b8fd43c597d697496d35a476eeb282ec087578fa11c7707d2b5adbc4f653432978a7827854b490c8b8618ea067824502ba36f14a2abe99789a8d8c57710654941201ea30715668287af06a51510a703480978c5464d2e69a68010d44c335352605004423a7629d8a314806e29714ec52814863714a053b14a05000a29e053d54628db401191462a4d946da00848a4c54a4534834c432931526ca70028021029c12a60829c00a00604a50952f149486478a29e7a530d003c1a09a6034b9a005a5a68a70a603a90514b400a0d2e69b4a28014d30d3a9a6980c6a6e69ec2984550842693341a69a043b34f4350e69e8698cd085cf1c55f43f28acdb77a95ae315328dc49d8b174f842056645f24acebd5b8a74d725837350db4d920569185a24b7766d418f2971e952d54b6941c015659b0b9ae792699a26ac2e4671de8a8a107962724d484818c9eb49ab0262d14b45031bce69698920762a3b532598267009a766dd857495c9a8a624818034f183d2934d02698563eb3349144ec83a0ad6918229245646aa0cf1739519ad68fc5a91536b239337d3b9c31dca7b1e6a078fe566c7435d0369410234617a722a95e5a911c840f989ce2bd48548bd8e2941db531b149523c6cbd4532b74642549c914ca7038534301b451499a62034941a28109452d14009452d25300a31452d002629314f02822900cc52629c451400da2968c5031296968a004a5c514b40051452814804a5c52e29298051451401c5451799134e0c7f2950e1a4c1624f61edde96ef5049e06b61108e0c821391bdc719247b74cd3ee2d27b29087898ba6d2463ee92091c7a60641a877c4f2832c4f2385e1070a5bdebc48e8ee77bdac4fa6a8622d6e6223cd2a0024aae4f008c6335a1a91b5867164aa0cc09133f9215a32091b001d81ea7bd644f7b7973346677c2267cb45e2341d0ed02986e65f998b9db9236f7fa914496ad2d42eda3a1d1ada6be37904325a2b4d1e1fce5059c8ecbdc106abeaba7c9a7c9134cc4aba10e71801c1208c0e82a9d95dcb617b14c149656dc509218f1edc8e29d777925fdcb4d712b79b2900be49c763fe02b35b599574cb12ea26e7501244cd1c488230dd0aa818380300122add86b12e9d3bb5acf335ac722b0704ab4a07453ec7d2ac8d2ae358bf59a3d38dbda4911f2d2dc82c9b7839048cb56f0f025bb15dd7d347b803b7cbeb9e4827b1a1dc6a2ce8b4dd7229b4bb7b9d4192d26900dc8ff28249c02a0f241ec6b4f22b9bff00845ede4b8b79a495664853622e09dc3b1273d4569e916674eb25b401445193e5e1cb7079e49aa2cd026984d349a334c0534da09a693400b4645309a426900a4d358d349a0d218869b4514c4141a2861904648f714014b51d4edb4d489ee8b2a49208c305c8527b9f4154658ac7c476514e934ab11254a86c6e00f2ac2a2bad19a7dd35f4e98420c87e631ca83aee53d0fd2b0b528acec6dafae34e16f7f697050dcc284930c592091e993495db13322ff45974ad6e2b4f345c29701151be601b81b87635d76a663d6ec25f2668f6da391708d9568e45190cadd88fc8d61dc69fa85d2c8373dc6e8a38c4cb201bd46407dd9c161c023bd436963772e952df457705aa5c4c60b9c92c1f2ffc64f008cf14d2b3d04932cd868cd7d646eaf2d98f9e19e16dc152dc31dc1b9e4b66ae59e936171a541a8ea4cb74ab189a42ab8ea4b1760326b47fb634bb7371a45e3480db95830ebf34d91d540e054da0595bdb68f6ff00bc124520120dcd9524fd7a9a2c86add0e5b5ab9b84d705ae9b7128b64d930485caaa1eea00e06715d7e9baada6a4a4c12625032f0b70e83dc5719aa6a7a69bfbcd42cee1ccae88d1232e152404a971ea76f4158304d75a4df4570565b6dc061c023e5ef8ce011d8d2bab917b33d8052d53d2aee3bcb18a68ee56e430e5d40193df81d2ae669962834a6980d3a8185145373400e14a453734a0e680002940a0519a403b140a5041a50334863d4f14f1518e2941a00970290d19a6934009494514c4251451400e069d9a653a8017349499a5a0029a69d498a004a4a7628d940c41520a4c1a781400828a9025045003314b46296801314d34e2692a843714c6152d35c5302034114f229a450223c53945382134e094c43d1f028734d0314bd684043b324f04834f78caafcab5328a9402c455290ac2db8dbb6adf981c8403ea6a018c8005488002319c93512b3d468b4aa1460507147414d8f71ceeac7ccbf21c3a52d14503181150923a9aaf728429604d5ba4c023069a934ee4b8dcc98aee4e032918ef57ad6757047a1a4b8b5deb85c0aad6d1f93bb249e6b67cb25a19abc59a2e46d359d76aaea07bf1568ca1b8539a86e1906335304d31c9dcce9260ac1492702b3351981c11dfa0ff001ab177768d39500706b3b5128910c1cb1aefa71d55ce69cb42b48c245c8233d08aa84714ec1c06c1c1ef4c35d715639dbb894514b4c421a4a7629314c04a314a052e2801b8a2968a042628a5a3140098a50296940a0000a36d28a7d48c888a8c8a99853761a69811e28a7914d229884a314a0548b1b1e42d0d8d0c028a7904751498a40262940a701462801b452d18a004a314b8a5c50338954b8ba69a5689a66407cc704e141e32c7dea68f44ba9ed2e268c46c2dca92887e6c11e9d78abba5cd3d8e917b7106161990c122489b8383fc5ec47ad4167713c37b733688d700246541dc0305039662081c1e95e2abbd59e834919925bb4172c970af1cea7e7461b48279e41abc6d81b18e55b778e525897700290002304d2c73477cd71757af379acdbcbc71ee1939386f4c9ab70416773133f953a14424c2b313b3038249000049e4f268926f6122b69ba69d4650b1fa72f83c91c000752726b6a078dafec2d21b048e6b6654df2ae432f7320e0119c9cd3e1d2bcbd2a2bbfb53c3770105e10366406003e073d37727ad68eb46d2564bcb79251692c652e5d999a57c10005049c1f63529685e88b563ab5dd879b301bf4b84f11792119839382a73db1839ad9b5d774fd4ec6e5998c11056c89080c53a6f03b726a06d1f4dd545bdcfcbb5e2076231fdea11c06e7a0acfb9b1d3203fd9125ecdbaf240d1aa80ca8070158f240a7e63d51d068d696b65a7450594be65bae4860db873c9c55c26b9ab87d33428a1679660433c851242ad2b11dc0c039fcab7adae05cdbc53a8755914385718600f6228d6d71dd6c4b9a4cd25250019a5a69a4a007534d145201b4869692801a69b4e3494805141a4cd368015f714210856ec7d2b2350f0eda5fc189bfe3e8214171b46467a9c0c035b1450043040d6b64b0c250ba29085970a4f6c818ae2ac60d412fb5dd25238fca70f24883046581c6d07a9aef298b0440b111460b9c93b4727d4d34ec0d5cf22b459755beb1375f73cc5b53b786c671b4f7c00700fa577fe2650ba5bc0608dade2ea212435b903e465ed907b573bab5a5a45e368a1595e1b490f98e918660d2630caa073935bf169ba88bf8ee506226dc9b2665fdcc7d46d5c105bdce686acee4a5a1c55969e6eb478a7428d3c523cf22b050a10607de241233d4537fb6afe7125b27913448eb24512e005c1f976e704e31c0adbd3fc252cd2df4d736ef6d8245b210ae0375cb0e4115b1a4cf1de5f986f040628c08eda29ad82b654005c1ec49ec2a6c96c1ca739e073aba5c451dbb136292ed9d7038c8ea7a115e8b408a3123482340eff007dc0019b1ea7bd388aa1a56180d2e6908a31400668a4a506800c5029d4ca007e6826994b9a06394f35320aae2a78ce452043e814528a43109a6934e6a6114c43b349ba90d36980fcd2d345380a005a5cd25005002d2d18a701400da5a523146280129ca33498a7a5218ec53c014da334807e40a69a6934dcd003a97142806a4099a604245262ac792d4d319cd5088a91938a97cba365302b6297654fe51cd585b5e01a57480a5b4d284357d6d80a7f90beb4b99059998529a16b465846381507904d529262688d0714f02a6588014d742410bd684ee21d1e3353a019cd67da5a5c17df34981d8568ac613a66a6565b31c6ec928a28accb13b52310052f6a46e87e942132252ca4963c6339a885e2b46cea785ea6aaea3712476ec1480cd919aa492bfd90c201c907e6ade34aeae64e767646ba5d6f4047208c83542e6e148209c64e335485db5bdba878f240e99acf9b51925c6e0063d2b6851d7433954d353a0b7b85d8c41cede33591abdd913655b8c5409a99f2f6360567ddc9e7115b428da576672a9756448b2167e9f78d41a8ee570a7d338a9e028b16460b0ec6abde079243263208e2ba23b98bd88e1b864c2b1ca0078a6b90c7814cc548b1b32e4735ad92d49d460a7014629681094629e052ed145c6478c521a7b532842128a5231494c428a5c520152e30b498d11e28a534b400829d4945201d8a29334a324d0317cbc8cd208c62979cd2339a5a806157b64d1e6305c034d26929d8571ebd3069e36a83900fa5459f4a3268b0ee4a5c15e82a1a5a3142560dc6e29d8a5c62940cd00013346c3e9569232dd2ac8b6da80b54b958a51b9c9eb5e18d42d85b5b412c97714ac4c6a8985573d79e949a5688daaeb6fa6ea8b3a4b0c6732c6415c7503800015a1a86be893cb0e8f7b1c36962a248a145d8b31e0919e723d41c66b02e35ad511e2bc49e642070e36a679ce303d096af25a696acef7257d116756d323d17ed305ddd4865429f670b9da5073b8f4ce2b3a3b995a18208a2895449e624ca8773b1e00273dbb0a6dd5f7dbee5a4be2d70eea4f9ae36b648c0cf23806a88768cef0c76b6182a91d8fe4293f221bbee6e4d7573a7ea2be42ccc1547949760331079e9d0827902ac68f8d6ee9adaf4a077cc826790a842393903824fd296cf5eb7b98d5ef2dfed1a8e0471379863555f527802b3f4db6b896e5a6b1b491c2306741f3004fb7706a5dd2295ae752b791497f2456f71710dd44be448e23cb121b80b8c8c7cbc7d6a2b7bd13de69f7bf679c4af235a8058b0233c973d4e41acef325d2b519e7beb332348e244956460067271c000e7b8ab715c84d3a4d4e2f35996f8485c7618c11c7d7149cba14b736b54d2a4bc4fb2dadd4525e5be763e0c6d0a1e40c8ad7d1adeeedac962bdbb6ba981c9765c100f6cf7ae72c3c466c2dc5bcb0b4df79a12ce77b82491bb8e87d6b72c75cb7bbd527b1180540689b3c4831934d3ba0bab9a94528a5029942628c54805262900c229a454a6a334011d253e908a4032929c69b400d345068a005a5a6d3c500252538d328031efaca0b9f12e9f211e5cb04524fbd30198828a031ee305ab63b5678f9bc467fe99d88cff00c0a4ff00ec6b47b53012a86aba3dbea415df31dc2e3cbb84fbc983d8d68d2d003146028f40073cf4a5c53a8a006114c22a52298450030d25291462980b498a728a5229088e8c53f6d1b680194f438a36d2531932b0352819aa8b9cd5957e052b012115191526734d7340113d3452934a280014ea4a2810ea7a8a628a9d12818cc53c0a7e31450034d2529a00a9188053d5295529ea280184523548e315093400d34dcd04d2669812a1a9e22370cd5406ac42466a846801c544e98e6a447040a56e45669b4c64210114e110a91462947143603446053e9692936d8c5a2928a005a6ec14ea4a0063834226d1ef525145dd8560a29296818514945002d433c823427ad4b50ceace30bdc5356b89dec733a9c924b3a285cee19c9ed5a9a659168f7ca9b47606a78b4a8410d20cbf720d68280a0003000ade75b4b44ca34ddeecc9d4add84442c60c63ae2b9f9eca408ccca40e49aec2ea58e28c97ac7ba983a31c9f288e73e9ed5a50a92b6c4558ab9cd25ac85377e868daa33deac5c5caed09182bcf3ef55a320367d2bbd36d5d9c8ecb61658c280578cd42c4f43530058b31a85c8c9c0aa42630853daafdac6369057a8073543357eda72aae8064914a57b6811dca32e3cc6e293f8a9cf1b16cb0a99ade454c88c918e481d2ab99242b36420d21269c548a72a8a770b1188cb1a5d816a52c0544e7345db0d0638a6d38e6900a684c05484f14da5a004a28a4c5002d14b8a28012acc4c1233c727bd57a52e718a1ab8d3b0134d34669a69085a2928a648b499a28a0001a7034da334143c9a54383518a99133431a2fdb00429156e55dc9826aadae15339fa55a00bf24d73cb7368ec79024e3691b0918fbc39cd39647922dfe60dcc4e3b714c40383b48cf5c1a5033134600383b891d707debcd691d0c7cf2c92471b3b19028dbb8af000e828b7f224203b481475d8a188f42012334c4671bb66e55043633c0c7ad5996deed02cb2c32223b0fde943b491cf5a9770b75238c4b3075400794a5cfb003939356ec6f25b5617114ae2e47fab11e770e0f271c54ba65a477f77f66477de77179946018c2e5bf974adcd5b4a8ac60d0da23b92452c1da1db2f620305e78145aecae5d2e60497ed72abe6499f2ceec9618e460e01fa28157ecee63b69ec7ed68d25aed326c0a0a82d9504e0f518e9deba7d3f42d12f1c42e1c5f18c485d7a480f565fc4d47e27369a3e9d1e99667cbe0ce50b64607049cf526a795b772b448892c6d755d212e257904d6c9e5bb8888cb72005f51ea0564d83e97681269a778e5424490ac3bb68ce7839f5ac8b7912541099e4851d94bb646d6c1c0241e8402dcd686ae6d60b8b5545824b789f1be104a4b8c024e7a1f5ec6927744df5b9db5869e61d524d4175019bd50fe5100e41e7e5c9adc06bcaf5116cd09974bb993ecf0484a24c40f27206486fad75115eea6351b65f35a6b59e1477c29200000623dcd5265a675c0d381ae7357d6dc5945fd9c2517334811434472983f3020fa56c59dd99c324b198e54c6fc03b0fba93d453634cb4c698694d3680128a2933400d229a4549d698c2900ca4a75250014e14da70a0071e94ca7d34d30336dfe6d7efcff0072de04fccb9ad2acdd37e7d4f5793b09a38ffef98d7fa9ad2a6f7012968a290051494b400534d3a8c500464518a7114aa2810d5a7d3c474841140c8c8e69ca28039a781401111519ab252a264a6035054e82a341cd4c2900a4e2a3639a73669b8a006528a08a2810b4b8a5029ea326818e892ac8185a6c498a91a90c8cd26c34e032d563cb1b690154253d23e6a658d4529c0a006114d1c1a76e141228019274aaef53486a126801869b4e634daa10e5153c38aaf9a7a134c0d3885498155ada4257156aa25b8d0514b495230a2968a004a2968a0029a7d8d3a8a0028a28a004a5a28a004a4c1dd9cf18e94ea280128a5a280128a29680285edb19413bb8ef593796f3b43e5469b47407ae6ba3201041a8beceb5b42af2ee652a7738392dda37d869a91e5ba1ae9758b06c6f880f71deb23c8319009193d6bd0855525739254da65531b1fb9dbad44c432b0c55f90b003e5c60919aa6de6337dc20569195c8922068c281dcd3e392540029200ee2b4ecac95a1323904e4e16a2b8b721488fee8ebf5a39d3760e5695cacc7182792c7815a361033387663c1cecf4cf5aca5dc718ed5a56132994601e063ea6a669db41c5abea43aadbc70c83cb52339241fe959e0376ae919d250091cf239159f71673f2d1c6401d6942765663946eee8c920d2a8cd4d3c840d8540c706a10715babb464f46211498a91b04702980127154804a2ad5bc70e57cc2ccc4fdd145e40b0fddcf27bd4f32bd8395dae56c528033494f14c435873498a71a69a0043494b494c90a6d3a92801292968a6312968a4a0028a28a00553cd5b81d41154c54a86a64ae34ec6adbba1ed5a28004c565d93a11d6ae9906dc29ae69c5dec6f17a1e7dfd916b0c6eb7935ac72c648990c986538c85ed807b9e706aaea7a7c9069b1df37d9e162e102432039503a900922a5f0e9d2e1d6639f508cfd9d09214fce338e01cd77babe9be1e92c83cf6b6b0a4a0b47308c2720679205702b37a1d4d69a9c0e85aae9ba596796d6e2e04f098e588edda7273804f6ae9349b38b50b28ae7fb548b447c1b7e6411027023da71c0ee71cd65699e1c8af749bbd4a50238b6b98910fcc30412e01382074c547a4cb69a53486e34cb7baf36106249a325d8e7a0e08f734fa59027dc66bfa01f0f5f44af3b4d6d272363ed6e3a8a9ef6e6cecad3458a7b86bacc8263730bb6e451c15507d2bb24d0f47d674b85869905a8930e42aa87001e991eb56a3f0c68b1c0d02e9f1794e412a4b1c91d09a572b94f3fd65cc66e2786c6536d3e52199a37490038249ed82437154ef2ea5bcb68eeae62691909586f18125c819f2db3c11cf07ad7a1daf846cad277923924642c64485f055588c13c62b9ad4fc376b64d2dc5e6a0216121923b745243296c903fa1152dbb684f2ea66e8fa45edf5a1b71660e70e1ddd4308f9c8f5009ef5d2e9de108e3b7097ae242724a8625549ee07033ee73557478e1d3e7b7d46d91a1b5bc9bcb16f2425a400f008607001f535da9522a545168e435cf0c44b047341201040079d13f01e30724e47435abe1f88dbd8889497b6dc5ede5326e2d19e403e8456c380caca40208208f506a0b6b68ad6de3b78176451aed45f402a924315c0718619159296b77a55d4b716a65bab5908cdaeecb062796049ad8228a2c0480d358d341a0d160173452519a0055a714a603522b834ac04641a69153119a4c50041834548464e2b32d35682f35396ca057611442432ff000f271b48ea0d303441a3ad262954e083e8690199a17cf15ecdff003d6fa73f803b47fe835a559be1a07fb0acdcf5955a43f5662d5a78a6f760262971453a900dc52629e29714008a29e4714a884d4a63e2802b14a554a9314e51400d094d64a9b14d3480604a3152534d301869869e69b40098a751450021a434b4500368029714500488054a895146326ada25218a0714d6a980e298e2900c8fef55d519155631cd595200a4c08e418a849353b906a096980d24505c5464d349a005639a6353a908a008cd2629c7ad02a842014e514a0548884d3027b5033576ab43191566a24342d2514548c5a2928a002969298cd45ae26d21f9a2a10e0f39e2a55e94dab0277168aaf712942a8a1b27b8152421f60dc79c74a1ab2b85f5b12d1494b486145251400b4525140052d2514000a334d9090a71d6a9b5c9504bfcb54a2dec4b9245c2a18720551b9d3a16048186ec7bd4b1dd8614e6957d6a92945e844a49a32decb00870368c7245574b4759ca28cad694e44a0f351a48c849383e95d0a52b1938ab94afd5ade25eed9edd05536b9c06574ce6afdf5d310408f354a35f376ab463683cb1ada1b5d912df4296d2ec44694b1936eea08c569dcc2220191700915234318cc800dd8c7a9abf68ac4f23b8ed3221230ddd0558d56290a0119db4eb3c471292304d17b246501cf00d7336dd4ba3549289c95d46639396dd9ea7dea022ae5c344f33b396c13c1150155dc36e4e7a715e845e9a9c925ae8460906addb59b4ae0b861c8000f7a7ada48a81caf38c815bda6c71aaab303b87ad6752ada3745c29ddea4f06950c71a92064739c551d4ace3d9b33c13c7b1ada9265f2989e82b9ebdb8f34b46ac7776ae4a2e7295db379d92b18f73118653193d00a849ab77921e11d4161c6e3d6aa1af460db5a9c92109a4a5c5255101494514005252d253189452d14009452d2521094b4514c614b4945210f59194e41c355bb7bb3d1ce6a95252945329368bde32d134ab0b0fb7449f6529c058f857627238ec41e41ac4d106a57ba73db470dd496f31924926084348e4740d8202935d0eb1e1ed46ce0b8be8ef3ed42de5f3628241bbf7609254e78240271535a6ab75710adf69e80d98252280b050e09c923dd7d2bc6bd9687a4d36eece4b40d3aeecb58c464472be63825962c2bb7f1004e409076aefae74a8356b4b74bc8248da26ce25da5fa60e48c820f7a359d2e5beb281a0b78d245944d2dab901253dc123b8ea0d6d6da57bea52492b1c469361a843abc11c7e6a1b542be6cc08592104809b41c7b8aecf1526da4c50ddc168331583e2f565b08a78e6d92c12878d7a33e01ca83ee2ba22b4c785245dae8ac3d08cd09d986e731e17bdd4265106ab66118a9f2a7d982f83cab003822ba222a458c22ed50147a018141140c80a5308ab0452102802b3254645596151914c08b1454845348a0061a6d3f146da00650a706ab49a85bc57c6cdd8897cb120e0b0239e38c9c8c53ac2f6df51b55b9b6626262472369c838a5a017830228a896a55e940197ad0646b69a26513a391b09c19633c32293dfb815534a88c465bb2abf6cbf4493c9e405c71c9393815775cd3cea16ebb1c2cb1eec12bbb2181561f520f1ef59371aedb892602d9e4d3d916349932012d8054e470c0738a3a099b126a3670c8229e65b773218c24dc163db1ec7b1a9351636f617529e0c70bb7e409acdb2d0a39aceccea2f2dccb0a020bbb0209c9c9ee0807154f5cbfb1b0d2aff004c8627858dac8c4618ed27e50589cf5ec684b50e9a9b5a3c5e4e916317f72de35fc94545abea51d8db4d871f685899d13bf1c6707b0352584df6ed36dae218ca878d4946eea4723b738e86b9fd434f1a8a69ec2e8896625425c00aed1f3803ae3eef3f9d2777a832e697e27b47d3eddefe531dc322efc21c392700ae2ba22b8cd79b279f7b3eab61202f16d79e088f26d994f049ed945c5755e1dd56f2e2e65d3aead272f6dc4972482a0919c1ed9e78c524099be29eb4014a053192291520a800a9e31c0cd2186d149b454b814d22900c22a33533715111400da69a7e29a455088e93152628c5021945388a31400d029d8a314b40c6114014ec5005003e31cd5d41c5554156e3e40a4c68931c531854db78a4d9480ac0114f06a6c01514831400c26a27343934cdd400868c514b9a0061a6934e22908a008ff8a9cb4d6a54aa1120156a018a8231b98558507762802ca8a7d3052d431a1d494514862d149450004718aaee70c4115629a501ed4d3b09ab90206c918e2a7c60528000c0a5a1bb89446a9cd3e8a4a43485a29296818514945002d149450014b494500045676a214c473d2b418800d63ea4e5f720e95ad24db33a8d58a167704eeeb81fad591721f2704638cd558e32ac1500dbdeafcb187842f0703ad754ad739d5ec50339129512614d5b8dcaa338e9efdcd547b658c93bb9c55591df6ffac3c118355ca9ec2bb425ccd2060d9ee7814eb3b93e6aa10304d48a9804c806e7238f53eb56ac6da0132b32e596ae524a24a4db340db878f2c7b55278c460f0d819e6ae5cdc8ced53c55517647eec8f98f4f7ae78f35ae6aec4693cbf3ae30aa060d67dedc09d00dcdc73c0c03576f2e141440400c39acf84619909054f4ae8825bd8ca4fa05869bf6860f29200ed5a6f05b4613728ca74a6c7288e2201c6289a50612481935326e521a4922bcf725ee0281c639357ecd810707b56285795b7283f31eb5a0afe446082335538ab590a2ddeecb5713f541c5603826e18b7506b484e1ce18724d559645f33e5c1a74e3cba1336999f392ee58d4556d82c848419aaee0035d31664d11d18a5a4aa204a29692800a4a5a2801b8a5a28a004a2968a00292968a004a2968a004a2968a00f4cc55782ce082258e286348d4960aaa000739c8ab34b5e05cf6088a9a4da6a5a3147305884ad1b6a5c52629dc9b0cc5348a97069314ee321229a4573fab78cf4bd3ed5e65f32e0a5c1b728830770193827b0acf4f893a23921e2bd41ea6307f91ab509357489ba3aec5211581078e3c3930c8d4953da48d81abd6fe23d12e5c243aa5a331e8a64c1fd693525ba04d32f9151915608cd30a50515c8a4d9563cba0a51702beca4c559c5376500737a8dabd835f6a96677dc4c5630523dc61230096c672077acfd22e62b7bb96d74e89a69ee499252c71b0aee571e99cf23eb5d44da745e64d340ab1dd4ca54b64857246016008c9f71cd615a436b6d78c9756a6d2ee66f22ddd7e7f341192723f881ce4d004b617da932d9c53da6676045ce480508e031f6386adb8cabb32a904a900807919e467d2b1d445616b35c3482e6ead8bbcafbbfd6b63be3a1c638ed59dfd977c9792eb10dce59de3706325d5d71821c0c6401401d05adec178b9b6951df0582670c3048f9876e462b9c9f5f516f1db4564ab7925c810db92194499cb0623d09cd124775a1e9e2d3478f75dc28b25c048c13701b2bb94f7c559b0d474fb96d36dec2d062749183b01bede442095603a127ad0497754d6534ed4aceda41188262de6cced8f2c0c01f993599e385b89e0b681536d93ba092e038cb6e60bb07e79adbd3e48f558fed925a88c61a109200c700f39f624541afc4affd976bb7e496fa305471f2a866a695f728d38638e1558210024402841d80e82b98fecf9ad8eadaa5c4df6cb8b68e486d7e50762804e48e848dd8ad2f32d7ce9f45ba79b7980cef707e5054100107d453f42b1922b577be64692695a7917a609eedef81f85213d4e42f564b4325e9f2e3fb6148e54e4654202e011dc918c0fa56ddb5aea474ab9bf8fcd8eee7732110fcccb1f002aae704802afe93a045f66692f7f7cf2dd35d8edb49e9fa569dceab65a7dedada5cbf966e4131b63e5c820638ee7353b3048a9a76bd617f7735ac529df0c7e63391852bc7cdcf4193deaf7dbacbce30fdae1f3410a5377393d87a9ae75e1b7116a96eb2453dc6a57be4dc329c491a1e4023d806cd52bb6d4346f10ddde5bda5b5d225ba3976e042b80a4a804004e0640a633afb1d42d2fad63bab6991a1918a231f972c382307073579466b8ab3d324bcd5a4d5744fb149b9c9324c58c71498c10b18c1049e4935d378705ffd8dc6a73f9d75e631e23da157a00381914815cd3514d7a948a63252191139a6e29e50e6822a84478a3152629a450036908a75211400c3498a7628c5003714629e053b6500478a31526da5db400882acc26a05152a714868b7466a353431a9b0c731a85cd04d318d31113546c714f6a89e8002f4e53c54441a7a8a007d2629c053c0a00aec39a5414f614e51c55089605cb0ab6a00e6a0b61c9ab5dea24c6828a28a430a4a5a2800a292937502b8ea4cd19a4a60d8668cd2502815d8fa2814522828a28a0028a28a0028a292800a5a66691a4029d85cc0c370aa53431f391c9ab4f3228eb546eeeb3182a339ef5a413be86726885a38950f3550ea51c40a8eb51dcdd860abb08e79ac7ba29bced2d9cf20d76429df739e53b6c5f92f6395c12bf2d31e4572c318e6a8467d7ee9ad253128c8032456ae296c64a4dee30ca1486fbc08c511dcba1c29e0f5a82e2405871c0a8bcd6fe1154a374372b32edcdc172a1474fe7435d49e58e8c41e1bb8aac70401bbe63d40ab3625378471c5271490936d8b30695176fde2727daa3b8c40aaa14fcc064f6c568ccf1636a30f5aa453ce241f9854c6571c90c171198c29278a619f2e13ef28c0268fb385191cd441195ab4497425b65b372b16548e83afad56b8b92ec467b741daa09896c8cf7a6293baa9452d44e4f62e441922dc7eed412c833c54ef20d9b4f381549b39a715d592de8491b95a89c9634668c64d5d8571a692971494c90a4a5a4a00292968a004a2968a004a2968a004a2968a004a2968a43128a5349401e9d451457807b014514500145145002535d80049e80127f0a7d50d665106917b31fe081cfe3834d6aec27b1f3e5eccd35edc4a493be463ed9273500a1f963db924d1fc35dad98ad855ef522b1390454438152c7d452bbb81ebff000e755fb7e8bf6390fefac888feb19fba6babc715e75f09509bbd464fe1f2d17f124d7a4e2b9e56bb3564645348a9b1498a9021db462a5db48453033357d2e1d520586525591f7a48a486438c65482306a8da6821237334ae6e1893e6464f04640900e81c83c91d6b788ae7bc63a6cf7b62b2da2b9b880f1b0e18a9e08028b819d3d8ea76b6f2268eb6d716f348c2452c19b246d0493c102af4579268da75ba5fc523b8c4616dd3764f40aa075ac24d56ff004585ac4c0cec32d24918f95da419041ece1ea74d75c690b05dcf996ce78a3bc7701b782c41fa8a132449edae6e5dadde59e159fcd9e14bb21257c95cc640272a0f35b569a5fd8f519afe7226ba7e3ce000c820641e98e4645375ad3a2d56c7309374a8b946520caa8c012013d723a77ad496e6cede18899a3489c288b27ef024018fcc0a7a741ec53d06e56f2c7cc489a3512c80a91d0891b8a8b551bb5bd0e3ff00a693c9f94647f5ab7005b4bab886300abb1708ac01120009539e991b48ae2e0d76ed3c6664d4acee2248d580b75cc9b370037afaa90bd05082e7597da74777aa5a484b2b4713e4af5232a40fceb91f1143aa437b7cf6ac8166910673859449b54ed5392795c9c74aed364977a9bb45c5bc51ac64962017c924607503233ef50eb76b0136cd390cf138999ddf6ac71a9c93e801200a13e80d23888b5ff1040d2324df6c96de268e527e6546df8dc40c724f4ab4935f6b77f14a966865b4983cc72444095c679c62418c915d05c58c50ea573791cd0416f2c314d70ea3e550092081dc904726afaea5696b12cb6f079d6f7321f2a48870ec490e589c6304649348495b7395b5d2a28b5886caf408f5199644695a5dcd704a310f9edc36081c935a5aa788351b7b68ed1a0b5bfbb9636c0872cb229e03818e839041351fdbed64d52eef88812edd8dbdaac52fcce40f998939039201c7502b2175b8f44d1e382dece54bb4622e6665f95d867e5539cfb8a4eed05cd4d2358d4aeb55d3d167b786c523265cf08f8c2b0e0005b27e9935d55c6bd6705cc56cbe6cf71231023850b3020e0e47603d4d79458dacf7ba88b0844e59a41f22c9f7148cee2781d4d77ba545a9c4f1ddbdba40b0418936821ee980c0539e806290e2d9d5c73c324f2c0aead2c38f3147f0e46453cd70fa9dd5dc0b772dafeedefae5150390190b263780326b5b4d7bdd2716b7af77a8dcba060c8a4aa9071b4670071c924f34b5bd8ab9d0114c6a71269a6ac43714d229c734500331498a7628c502198a314f02a40940c8d453f6d481297152323d946da976d1b68022db45498a31400d06862697148450030e69304d3b146280232293654c0669e23a00a6d1d0a2ad98b34c68b14c06014b8a9522343a5202bc94a9cd0c0e696206a845a8401822a6a8222722a7a890d0514514862514b4ca04d8b4dcd29351934d210fcd19a881a7834ec48fa299ba9734580901a32299bc537cc14accae625cd1915117a67994d443989f70a42d50ab52e69f292e4c9734b5106a52f814ac17124902a9aaad2331e2a3bb998a314c1c546b305877311bab68c2cae43776437485fe524e09a8d86c04e698f292a5813b8d312332856f30e45742565a99b7a95ae2e0ab6dc8726aa322cb9127cbef535c4322bb01f9d519c30939eb5bc12b686326fa8b342633c7228590e3028490e304d3188041ad1766479a14b7a9a557502a1268cd5589b9297e78e2a413003a9aaf4b472a0b93f9d9c9c91ed42ccca786a829451ca82ecb91c8ce09cb5472b9232c6a1de477a4cd251d46e5a0b4f8c81f31a8f34a7ee0aa103bee27029b431006da4cd34436145145020c5348a7e6b33c45752d96917134076cbc2ab7f772704d0dd95cb8c5c9d919da878bb4fb2ba96d8c73ccd1705900db91d4024d558fc7160c4efb4ba51ebf29ae2ae860ab7a83502838ae5fac3dd23afeaf14eccefbfe137d3b247d9aeff25ab9a6789ec751b95b6559a195fee7998c31f418ef5e6a33baac69d39b6d46ce6070126563f9d38d66da4d0a54229368f5da294f04fd68ae9390314628a2800a28a280128a5a4a0028a28a00f4ca2b1ac7c4ba45e03b2f228d863292b04233f5eb5786a5627817b6c4fa0957fc6bc1716ba1ebdcb9455517f664645d407feda0ff001a78bab73d278bfefb145985d13d14c122374753f8d3b20f434862d6078de4117853526f58b6fe640feb5bf5c97c4c97caf09ce3bc8e89fae7fa55415e4852d8f122724d2af4a0f19a33919ae86f532415245f785469938ab1046ed26c0a777a5171a4dec7aa7c288766997d37fcf49801f80ffebd7735e4be17d6df4c862b42612166de8cec42a9230d923a8c5759278ff4d48b7f93705b760a600217fbd58ca2dbba3a1d19e96475d8a31515bdc45708af1383950d8079008c8c8ed562a2e676637148453e8c5170b1095a82eada1bb81e09d03c4e305791efd455b228db4ee2b1ceddf87c47a74b69a538b61349be6772ccc7dc1e4e6a9cbe07d364f2f7bca3bca578de7d47a51e2ff152e8bbeda10c2f40475dcbf2b296e40acdf0ef8f63b99efbfb51e38205f9a0e39c671b07ad3b366aa8cdc799234adf486d2d2cad4caf3a41b9d19a3c077391b4e0e4100e41ae5350d2b507852de4bd325a4323084b0c01267046e3dabd2b4fbeb7d4eca3bcb62c61941c16520900e3a1acabdf0e457135c8f39d6caed83dc5b0380c40ea0f6cf5347a9938eb66725656daa453dce9caad0dd5de1c21258823702ce4f404753d4822b4344b765d725b38e691e6874f8602dc810f2770f6c630077353d9eb373a7e93796f2a24da9e9a5212f270668f7019fa806b2f4ff107d93c67ac4db43d8dd4c23674192590055c1aa8a7a8b44747e208750d3aca2b9d18208ad2229240dde3ea480782462b98d03c5604d7d6fabc0f35bcf10558f66e745e40463e841c64d6a6afaec1aa8b887ed4b69a6da4852e4b2abc93b038088809ca8ea4ff00f5ea79aeb47d1ef25d3a7b692559c29625cc8ee4839dcbd88e000077a56ee2bea62dce9b7af05d9912212db22c4e925c191a6087728c0181c151926b12eac7548b4e532b48b6a19e34858b3601018038ec4f1f5aec74b68b4fd6aded2f3538e05b12d0c16ea0a1932a487909e071d2b4750d4d352b1bbb39acde488dc8b760a4e0a1603258e0039fc850f51d9338e82e1c9b2b413db599b2f9e29921f951f1ce57009e841c8ef4e8f53920d3aea75df19bcc7965d838720e24720e4124f1f4af41b8b0d2efa05b0b84824e000a080df2804608c1c01595a8f836d6eeea795184219434630708e3827820e0814ae0e2eda11e9767a7f89ac8cb7564d03f00c2b214c291f238c7aad74d6d0adbdbc5045bb646a106589381c0c93c9aafa5e93058428a2384caa31e62c614915a41686c6919c74bb71a92dfc6bb260082428f9c118c64f23f0abb8e2a5229a452b8c888a6e2a5c526daa1116da3654bb68028022094ed952014b8a2e046a9cd49b29e052d436319b68db4fa28b8098a4229d4500331498a7e28c5170198a422a4c518a2e045b28095360518a2e022a014ec52d148626052114ea2801bdaa297ad4ad5194269a11030cd3900a919000064669aa873557112aa0a7d0296a18d05145140c69a294d253258c6a8daa463513552246e69d9a6515403f34b9a6d2138a2c03c8a8f3834d693dea312027ad35164dcb19a8c9e69bbe937d52885c954d3c1a895876a6f9c371a5cad85c989159f7d70785527153c938c9ac6d477ba0640775694e177a9139591677b31c66ab5e48aaa4672c3a0aca7b895382c7342485d8173935d4a934ee62ea5f42c0b891880bd31cd5a81c2a33918a82d6db7b75001a9ee1554842c053766ec815ed7237ba3920d674ce1dc914fb83c915558d6918a5a994a4c5dd4bb85349a4ad2c4dc5a053734a0d02b8fa5a6034b9a00751499a5a0028a4cd14c42d28614da5a2c203494514085a28a33400b59be218fccd12f4633fba27f239ad1ed5575501b4cbc1eb0bff2a52d62cb83b34fccf29bc18553ef512f22ac5e8fddafd45568f38af316c7a8f46273bc600ea69a64e0e3b1cfe229fce5bd322a361f2b71daaa1ba259ecb0c9e6431c9fdf50df98cd3aa1b3cfd8adb8c7ee97f90a9857a4796c28a28a0614514500145145001494ea280397d6f4ab8819aeade3325ac9215011b73467aed61eb8ee2b096e47afe98af77fec486336f24724ccf006d80bed049eb920645606a3e19d212d6d62be857ed25d819d02f42724b67aa8cd7931ada599eab8f63cac4b9eeb4798d5eaba7fc3ff000fb44e18b5c9dc577a395da4751c1a8ee3e18e8f27305cddc3edb830fd45355d751729e5be737ad28b99578595c7d18d77973f0b67c936fab263b0921c7f2359979f0df5e84e606b4b8ff75ca9fc8d52aa9f513833971a85daf4b9987d246a64d7d75326c96e66913aed69091f91ad3baf09f88ad492fa45c38f588093f966b0ee37db48d1dc432c2e3aaba9047e069b6e5b30e5b6e349a42699e7467f887e3c519c8e0835161922919e6aff00da4a82d1e080065f6f6ec2a8bc3246bb9978f5eb53c464994aa8c2aa63dbea6a5ab9bd26e174d0e799cc6c410c3fbd9231425c12011210e2a096258ce0c8093fc22850056b18ab5c99d79a763634cf10ea1a6dd2cf6f22894020175dd9cf5cd6dafc46d787536a7eb1915c80a0d2e58f6327372d5b3b55f897acaf58ad187fbac2a45f8a1aa600363644fb17ae0e90e29fb38f627999e807e296a03fe61f6bff007d354137c48d52eff750db5bc4c70432124f1f5ae1338eb4a9119082095ee0e2a5c22ba1506db56373c43ae5ceb5289aedc2ed0111153000f6ac55955245521319c819e6a3b99248d114372a71bbad56cf98773753494558ec9623d9e88eff0042f8833e970bdbcf6c6ea31811012e0201d8715adff0b4e1efa4cbf84e2bcbd140a76df734f923d8e394dc9dceff0053f1de8fa86657d1a513800090ba9c81d54fb1058573967ae5b5bc32dab5abb5acb762773bfe7d8010101ed90793583814840a7c8ad6489bb3b597c47a04f3d8cc6d27b66b4e10456e8723390092dce3b56749af5abdf5e5d319d9a56ca330cb36082031cf4e2b9aa0e6938a0bdcea2e353d227633ac72c9388412640013293962dfde1d48f435d5e85e3ed29ac047acb335c072015b718dbdb38ef5e54403403ec4d2e45d4b6d743da63f19f84c2c2a97124421e5310b0c1c63d2a6d3fc61e1db587ca3ad34aa0fc9e642c0a8f4c85e6bc53751b8d2f6710bb3dd57c73e1cefa9affdfb7ff0a43e3df0d8ff0098803f489ffc2bc2b71a4de68f6710e667ba7fc27fe1bff9fd6ffbf4dfe140f1f786fbdf37fdfa7ff0af0bc9a5de714bd9c43999eecbe39f0db74d4d47d6371fd2a75f187879c646af6df8922bc0727d69379f56a3d9a0e667d08be27d00f4d5accfd6414f1e23d0cf4d5acbfeff002d7cf3bcfa9a048deb47b25dc5cc7d0c3c47a1ff00d05acbfeff002ff8d483c41a2ffd05acbfeffaff008d7cec1cfad2891bd68749770e63e8b5d6f486e9aa589fa4e9fe34f1ab69a402350b33f4997fc6be721237ad3b7b7f7a97b15dc7cc7d1a353d3c9ff8ff00b63ede6aff008d3c5f599e45d41ff7f057cdfe61a5121a3d8aee3e63e901796bd3ed30fd378a3ed76bff003f310ff818af9c448680e697b2f30b9f478b9b63c0b888fb071520963232245fcc57cdbbda812b8e8c68f62bb8731f4899a21d6541f5614cfb4db8eb71163ddc57ce5e63fa9a42cdeb47b2f30e63e8c6beb44196bab71f5900a60d534f3d750b5fa79cbfe35f3ae48ef46f6a3d8aee1cc7d18351b22322f2dc8f5120ff001a06a3627a5edb1fa4abfe35f396e34bbda9fb15dc398fa3d6eadc80567888f6714e17301e93447fe062be6c12114090f18c51ec7cc398fa504b1b74914fd185735e34f121d134fdd6a15ee64731a13caa10b924d78cda6669847e698d88e30a5b27d38ad0beb664b68c34ac654180e33b492318c1a5ecd26ae2e646e781b5fb8d4fc6b04da95c492ca61686338c286af5f0547523f3af9956e1951b92a37559fb4c857993f1dd5a4a9df6139247d22648d7199147d48149f6983fe7b45ff7d8af9b3ed0c7ac99fc68f301eacb51ec7cc6a47d206f2d475ba87fefe0a61d4ac475bdb607de55ff001af9cb7fb8a379f5147b1f30e63e896d634c4fbda8d98facea3fad37fb6f48ff00a0a58ffe0427f8d7cf01cd217347b1f31731f4326b3a648e11752b3663d009d49ab11c91caa5a3911c0eeac08fd2be70dc68133a70acc3e8714fd9766173e90da7b034dc37f74d7ce5f699c74964ff00be8d27daee33feba5ffbe8d3f67e62b9f47310a3e6207d4e2a09668fa79b18ff00818af9d9ae666fbd239fab13519909ea734d42dd44ee7d06f7302f59e21ff03151c5756c5b9bab71f5956be7fc8eb8146eaae55dc2c7d13e7db93c5d43ff007f053fceb738c4f17fdf62be73dd46fa393cc2c7d1ad3c28848962cffbe2b324bb8e37cf9c9cff00b62bc10c869ac49aa8452dc969b3dda7beb7c1cdcc4323aef1540eab6c990d77075ff9ecb5e2d91ed484fb0ad232488749bd6e7af4f7b68ce5c5d5bf3ff4d5698975685c66f2d87fdb55af2127da8dc3d0568aaab588f63aee7ba45a869e8b917f681b1ff3d96b36f752b3326efb75b73d7f7cb5e399a426a63349dca749b56b9ea575aee9b6b8135f45f374da4b7f2cd553e29d17fe7fbff20bff008579b669727d6abdb2ec4ac3aeacf481e27d148cff006827e31b0fe940f13e884f1a827fdfb6ff000af37c9f5a424fad1edfc83eaebb9e9a3c43a31ff989dbfe6697fe120d187fcc4adbf3af31dc7d68c9f5a7edd761fd5d773d34f88b455eba8c3f864d46de29d107fcbee7e91b579b19005e48a6ef2c32a452f6fe41f575dcf473e2fd181ff5931fa4269a7c65a37f7ee3fefd579c8ddfc5b7f0a72d1eddf605411e867c67a37f7ae3fefdd37fe136d1fd6e7fefdd79f714bba8f6efb07d5e277afe39d287dd86f1be91ad42fe3bb607e4d3ae5beb22ad70e4d2d0ebbe886a840ed078e94b7fc82dc0f5330ab43c6fa7f7b5ba1f4da7fad703b80068521c03daa7dbbec53a103bd3e37d37fe7daf3f25ff001a69f1ce9fdad2f3f25ff1ae1314b8147d61f617d5e07723c7563decae80faad4177e37b49609625b1b8f9d0a64b28ea315c6719229a739e050ebbec2f6114c965904a806181151123b669b87e39fd298c1f9e49ae7b1d0ddd921a09249e78c62a1c3e3b83e94b897d69ecee07670f8e1a28228869cadb102e7ce233818f4a71f1dcbff40d8ffeff001ff0ae2ff7bea68c3f726b5fac48c7d840ed478edfbe9abf84c7fc29c3c783be97f94d5c3b49b7a9a6fda547a9aa55e6f64274208ee8f8f07f0e9bf9cd55e4f1d5e1ff0055636cbf5626b8e496598ed861673e8b927f21579345d7258bce1a75d2a7af9473f80aae7a8d5d20f674d3d4d87f19eaee786b74f658ab53c33e29bdbed4e3b1bd58dc4d9d8eabb4a9009e82b1adfc0dac5c0532bc3029ed2484b0fa815da787bc3967a144c62cc970e3124cc3048f451d85694f9ef7919d4e44ac8d7a5a5a2b439cf49aa5a82cc61536d144f3060019464282704faf1576aa49796f1cc6192408f8070dc0209c0c13c5782afd0f5c9a2411a00028f5da3009ee7152d14500252d65eb37125adb4928599812a8820505c313efd89c0aad726682fb4d9e4b911b4a8619437018e3774e83186a1210fb9d72049d20b7532ccf1999431d8a501209dc78c8c77af2ef89d7306a7e2186482412451c0178f5cb57a66a7a7da5c24762728f2f98d1381c10797507b039e95e59e365b75f125c8b5dbe528451860470a056d4ecaec99239b68d70176ae3e82a2304792762d5838a681c9aabb409216df11c4796660785278029924930711e723823d7dbf2a8a7751f291d7bd4d6d1b4831d7d29ad3566bed39ac8b163a56a1a94ac6d6d66b971cb1452c47d6af9f0e6b48083a3de81ff005c5abd03e1c68f7f6005d9913ec57518629df703806bbea9759ad2c2953517dcf9de6d335186558e4d3ae91df3b10c2c19f1d768c7355962b894314b79182e325549c67819af7cd412c6c5a6d62e07cf144417273b57d00ed9af28d3b51834bd7d6e6c567168ec09858e588ce42e475008e0d5c6a5d6c28d24f63989229a304bc12ae0e0e55860fa722a2dc7fbad5dd699e275173ab2dc64c3781e78931bb64d9cae3fcf6ae75efa55591102957c87ed904e71ec32338aae7b741fb057dcc98d44cdb54807d09c53e424861dc103ad747aa6a526af00c84598851222018e0100e47b9c91507d8f4c8efdcc56f7171a7b40103904324a40e411df353295f566918ba6b43064c480822aa9daac4735ddc5f0eb58b9114d0b451452672b71959231d89005535f0adfc29777da7f937915939466640dbd87dec2907201a4a6ba1325ceeece4d5d4f7a5240af5af07b693e24b5912f742d395e3214948d41381c923822ba76f09f87df25b46b1fc21514dd5b3b3466e9d9d99f3d923d68cafad7b4f8afc2de1fb3f0eea1750e93691cb142cc8ca9820d4ba5781fc39269766f369503cad0a176dcdc9da327ad2f6aad727951e2248f5a091eb5eeb2781fc27126e934c8517d5a5703f53512f827c25334d1c3a740d2c7f2ba89a43b49e8080d4bdb2ec1ca8f0ecafad04a7f7857a35e7866c602cefa2594404724651aea45512a8077962dc21ec2a1b6b1f0a4b6ef73368970b045146eec27753cf05802dc807a557b44165d4f3fc8f514123fbc2bd92c3c07e11d4215b8b682764e304cee3a807d7e9568fc35f0c91ff1e937fdff007ff1a9f6911f2a3c472bfde14991ea2bda9fe17f869ba4776a7da76a8cfc2cf0efadf0ff00b6ff00fd6a3daa0e53c6f839e471ef4dc8f515ec27e14682d9c5cea23dbcc4fea958faa7c37d1d619069baa48d768eaacb3cc98504e0f45a7ed222e5679be47a8a303d457670f8334983509ad754d4ee2dcc2e54aed00c809c2b26474f5ae963f851a2baaba6a17ae0f219590823f2a7ed22251b9e4fc528c57ac8f84ba3ff00cfedff00fdf49fe148ff0008f4b23e4d46f07d429fe94bda2ee3e4f33c9e8eb5ea47e10d9f6d5ee3fefca51ff0a86dbfe8333ffdf95a39e3dc395f73cbc7bd18627ad7a87fc2a1b6ff00a0c4ff00f7e5683f08ad7fe8313ffdf95a3da2ee1ca798631462bd44fc23b43ff317b81f485283f08ed7b6b138ff00b62b4bda47b8f94f30a70af4b3f08edf9c6b33fe30aff8d35be1246071ac3fe302ff008d1cebb872b3cdb1ed498f6af483f094ff00d060ff00df81fe34a7e128ff00a0d7fe4b7ff654f9e3dc3959e6f83498fad7a41f84c7fe8323ff0001cfff001741f84a7b6aff00f92e3fc68e78f70e5679b907de9bb5bfbd5e927e12376d657ff018ff00f174a3e12b9ebad2fe16c7ff008ba5ed1770e53cd32ffdefd293327f787e55e987e12b7fd06c7fe037ff006549ff000a91bfe8343ff01cff00f174fda44393ccf2f903c980704679c0a70503f8457a59f8472f6d693ff018ff00f17519f84975d535888fd6023fad3f6ab6b93c8d1c059f9897d0b468320939c7b1ab17b73720962645c8dae0e0a91ebec7debb54f853a9c4eaf16af6e181c82636ff001a749f0bb599b3e66b56e73d82352e757bdc1c1b3cc9882c028e1719a9d40d9c8a59ed9a1bc9e070565526374efb81c62bbfb6f84b792411bcbab468e40250c44ed3e9d6adcd2dc5c8db38103da9e07b57a22fc2393beb89f85b1ffe2e9c7e11498e35b51ff6ec7ff8ba9f691ee572b3ce71ed4607a57a1ffc2a39cffcc6e31f4b63ff00c5521f847738e35b887fdbbb7ff1747b45dc1c59e794dcd7a11f8497ddb56b7ffbf6dfe3483e11de9ebabc1f8447fc68f691ee2e5679f534d7a3ff00c2a19cff00cc6621f4b76ffe2e98df086e8f4d622ffbf27fc697b48f71f2b3ceb3486bd0dbe10dd0ebacc43e9013fd6a39be12dc229235b8bff01cff00f1554a49ecc4d5b73cfe9b5ddafc2bb865cff6d459f4f20ff8d467e165de188d621e3d626a7a137470f4bcfa1aec47c32bbffa0b43f5f2da99ff000ae25ce0eae9f5f20ff8d68a17173a390a39f4aebe6f86f2a0f93568d8fa1848fd73517fc2bbbaedaa41ff007eda9aa6d89d448e4f9a0e6baa3f0f6efb6a907fdfb6a4ff0084025fe2d553f0849fe669aa4d8bdb44e579f4a6f35d5ffc204bdf53fca0ff00ebd21f010eda99ff00bf34fd8b13ad1ee72669b835d61f001edaa0ff00c07ffebd34f8064ffa09a7fdf93fe34fd8c83dac3b9ca51cd7583c007bea7f95bfff005e90f80076d4ff00f25fff00af47b1913eda3dce539a5fcebab1f0ff00d753ff00c83ffd7a77fc200bdf526ffbf228f6321fb6877392a6f35d80f87f077d4a6ffbf229dff0afed7fe8233ffdf95a7ec1f70f6d0ee71d834bd2bb01f0fed7bea33ffdfa5a5ff8402d3fe82171ff007ed68f62fb87b687738d38ef8a68207a576a3e1fd9f7d42e7fef85a78f00e9ddef2eff0025a1507dc3dbc0e1f7aff7d3fefa14798bfdf5ff00beabbd1e03d2bbdc5e93ff005d17fc295bc09a41e92de0fa48bfd453f60fb8bdbc4e0495fef2fe749bd3fbcb5deaf80b4a1d6e2f4ffc0d7fc2a54f02e8c3a9bb6faca28f60fb87b789e7de6275deb4798bfde15e8a3c11a1f78ae4fd6634f4f06686bff2ed29faccd47b0f317d62279c09631c668f3a3fef57a4ff00c21fa17fcf91faf9af487c1ba175fb237e12b51f57f31fd611e6fe747c7cdfa1a432a9e87f4af4a1e0fd087fcb913f599a9c3c27a08ff98727e323ff008d1f57f30fac46c797bec7ea41a88c58fbb2903fdeaf581e16d0fb69917e6d4bff0008be87c9fecd87f334fd8798beb31ea8f278e28c37cf263df752af9ad2b2dbca922819c9e95d16bfa5dada6ab750c56e91a023cb1e80806b0e1410bb851802b9a4ecda37b6898e08c106fe5bbed1c52007009f5a97793d0629a7915177d4a1a30caa57d6ba6f0ff8560d56c85e4b7d3460b95f2a355e31ee6b9b45f2c0507a5779f0fa4dfa45ca673b273fa815b508a6ddcc6b49c637459b6f07e8b00f9e196e1bd6690ff218157e2d0f4a84829a6da823b98c37f3ad0a75762496c71b9b7bb2340b1a858c041e8a028fd296968a648514b45002514b49401d1c505f5a8477d4435c3ca05dfef06d40790429e01e00f71593e2fb9942cbe440f34124624370cfb90c6482100fa8e29ba4e992db5c5ea5dc8935ac311599dc124ae0302a2a1d3a14b8b3b75b6599961792029372266c860dc7604578f18f567a8e5a591d8699a8433dab012ef9a0005c212098d88ce0e302b2f54f10c474a86facaea34de7052400b8078c85ee41e40aafe21d1a59ec269ad9840eb096980001b92a380c071818ac5d0bc2eba969a6fda6465972cb1952d803aa9c10060f22928add83936ec8eced35383528e4b682e13ed91c63721e76be01078e0807d2b2ccd75aa5f696d756911b78de432aa0f30a4aa19483ed9e41ae27c3d737ba6cd1dd98d9adad9cb907018a1182157be7d6a24f146a315d5cbd98455b9c83184cc6a48c918f514725ae0e6b43bbd774d9fed16f7160c917d8f6928ec4073924283eb83fa8af2ad5d645d5af04a0075998381d320f35db785f547d4203a6dcdcc48b310599c9594b71f77a8e31c7435c15e1f32ea670c4a97620939272735704d2698db4eccacc29294f5a052190dc44ae878e4f7abfa1c066b88213fc522a7e67155c035b7e12877ebba783f74ce87f234dec115ef267b9a800600c014b4b495ce511c91aca852450ea47218020d7397fe12b5bad565d49b6c8de5e23b775c44182e0138ea2ba7a29a935b0d36b63c57c49e1c9b467492e6682479589f2e153d3d7a01d7b54ade14b91796b00bab6759981df192420c03f30ec7078af549f48b2b85659add1d0b170ae32158f523d33dc57337de1492d618aee1bc613c04991d46094c63200c9c815a73dcd3dab4b4466e97a769c8d145a9416f2dacd1b08a750518ba64b73c1c115ab28d3f4fb08ad34a9edfcc9274b887690c6425941233d0e3f315358ff0063cda069fa76a1b5feda0b80738672724e474249a8b58d33c39637692dd5c2c619444b0962563208208c72b8a57be864e4deecd9d7b5fb7d1110cf05cbefe8628c903ea7a66bcf6e3c5f736f2dddbda3c5f649a4675611046425b248f535d45d6a171fda0bfe94b247656d24f1047f9a63b7824f424039c1ae3f55bfb6834dd3adf4d11b3bdaf992becccb9392413f8f34e29246f4a2a5a58e8acf4bf0eea725a0d2e7b9b2d45c1944c1497c8396c93c1393daba2d6f549f4e86da28035c4f34891a346012e411bc11d012335c8f8234eb5d4a4c5cdbbec44df1b8b92a49230c08041c1af44b5b1b5b48160b6b78e28909211060027a9fad4b7dccea269d99c8f8f552e34b92fa09f9302c454723e675209edd8d5fd0a2bc95c4ba74ab169281c429321258939240047ca08e3d8d56f1c4315ae836f683798e4bc4000e4919248aebd542a80a00000000e001e949bd119995a835fc5144d22dadc5b636de2b21c05eeca39c8c751589a4cb6f6f763548ca9b5ba99638554e3621dc03b019c925760ae9a6d46da29daddcb1946df902e49ce718f5e86b901730786a79ec6580145b713ac8c0b0472488e338ea074142d41e8690b0bbbb8eeedaf635bb8e30af033818924c31049039c7cabf855e5d02de7d3e0b6b985156331965524ee08301493d45645bead7f71a8699a84c8b0c32c017ca2c57977c772338001aeb84d11385756200c8041201e84fa0a4ee08a0ba52a5ebdd47753c6cd8fdda95080000600c1c6768cd6a571977e2f963d463823b5f3ada4b858e3963c912020823270010706a5d67c49a8699aa9b68b4ff00b742e124578412cb1f390719e46d241a2cc1b48eba92b925f1c584b692cf146df2a3b29930aacc08c283dce08353697e32b0be68e1962b8b6b99080227424e08041c8e828b30e6474f585e23d1ad6f2d4dc0b6df731b2b2ec0017391c1ec6b560bdb5b8964860b88a496300baa302403d338a4bbff00960b9fbd2afe993fd280387d512eae62b1bebe924826b92b1059222635ec7e618640d9e955342d6bc416b3c1a6450dbcf1c20c622ca9caaf7041e78e4575fa3e911269eb14e649a23219104cfb8819cafd00ec054f06876505f25d40ad095c90919c2e49c93f8f714ee856bb2fda4c6e2de395e2788b0e51ba8edcd58a4a5a430a28a290c5a4a5a4a005a28a2801296929680128a28a0028a28a0028a28a0028a29ace05026d21d4dddcd465c93d6901018552892e44f452034b9a92ae7ce3e21ca788f507e8df6990fe21abda7c01a8dfeabe1b86ef51199dd982bf00ba03804e3f1af13be89ee759963db9964b928096e012c47cc2bdefc35a42e85a2dbe9eafe63460ef7e9bd89c935d155ab580d7a4a5a4ae7185145140051451400514514011cddaa9bac8cc4804815a149b47a55a9588946ecc3962946ec0e3351aa3953bfb1c0add689492699244a4121412056aab193a673529540739f71e954647566016b726b50d2169001ec2b2e58e38896d9d0f1eb5d74e49984932bee20e587cb5017209c5493c9bcf031ed50b0c1c56f146326287351b53a91855244911a6d3e931542128a762929831b452e28c504894a28c518a0028a29680128c52d2d003714b4b4b400da5c52d1400628a28a0028a296801296968a004a4a751400da2969280385f1845b75b66ecf129fe95ca63e79466bb1f1bf1a8c27d601fccd7252802e1bdc64579b5749b3d4a6ef4d11a0655e79c52e770a7631d476a4001a86ee508148ce483cd767f0ee4f93508bf85590fe60d71d8e4d757f0f38bcd407ac687f226b7c33f78c6ba5c8ced80a2968aed3cf12968a282828a28a0028a2940a00d717064b5d452caf4aca6133430e30115b2c0927b9fd0572ba7deea5696924da73c92c7088de52c4052c79718201c73cd73b1ead74f3967b872ce00936960cc07662304d5bb42f28171e52c8ac5504b2364038200393d0fbf15e5a925a58ed777a9b2be33bdbab9922c4be4343e5911a06656c60b035abe1ed7c3ddcfa6ea65310a010af604755c1c64f61c570fa74f77633485e5781549878c1651d415cf1b722b6e19acc8b5b8b8d3ee6c5f008785d54484f24a83ce081daad28cd5902767b97edf51bd974bbb7d3664465609145e40070c724293e99e7b6292c354d4f4f8becb6da5db852e172712856ed96ce327354351b010dc41a85828dd21329b76909d9b48201cf3b8f522b7348f116a3737ad0eaa63168a00783cb53e664654000126a26add0d20efb90788fc3b24092eaf0b4f14ee8662aa84247dc80472339ef5e7cf915eb9e33d5a293c312f92c7f7c7cb242e40c1e54d7924bc93f5a98b6d5d96d24f422a05068148a1e08ce2ba5f04007c4361ece6b980ff003e2ba3f075d4765ac5adccc098d37312bd40c1a1ec38b49ea7b75151412c73c2b2c6c0a380411ef525603168a28a002b0757778e5331ba5845b6590cb11d8cc548db9c8cf15bb51c88258d91b3860471c1a13b303c6ae2eee45f37d9a3687731fdc8c9193c12a48c807deab884c928fb516862798c724b8dcaa4753815ebd71a2d8dc4b3c9244733a7972007008e99e3be2b2e1f05e96b0ec9fcd99b390e5b0476000abe64cc9d3bbb9e6775e679b726c6495e2450c2520866190093f8d665bccf13f94413e6e14a81cb8ce4022ba5f13dac3a4492456e6661bbe67961319041e8a46060d57d0a20cb0a3456d1bddab2c1713479192d8249e70474069a4cf4293f674927ab3d03c25a159dad8dadcb5acb1dd202332a156527b63d07626ba9ae7749d5922b486ca698dd5f450bb3b47960c5091c9e79357ec752333dac1730b41773db99ca750a01008cfaf350d3672ca4dbbb32fc5b10bad5340b46fbb25cb39fa2ae6ad69225b7d4f553206659a4492253df2bce3e9557509639fc67a40570c90c334848390382bfe35b5a7c4238ccd8c3cec5dbd79e40fa014dbb2489190d8afdb1eee6c7da190460a8fbabe809e49f534fbad32caf11d6e6dd665701583e4e455da8649a28421964540ec154920658f403dcd219e77e34b17d22e167b48152cbcb247cb9c3f42809e46456a697717da93cf7b6506c89e048903aec46200184efb031624d59d52f249eea5b5bc9ad12c6d6412493300e0f3954dbd430a7deea2a9e22b68ee26fb3c5e53322c8149561c13d4edc83c669b7a6a2203750dc59dfbcab1cda726c89a3542922302015007a6323bd327477bf5782389ecc952370c2c31c60829919c104d57874e8ff00b5bfb40dc5a328db343ba4042e092188c8272093f5ad4b7b48f53bfb8ba690dcd916f2c42842a8700073db20d3bae8072d63a02c9676d1989a4bc82e37150000411b95b278f2eaa1d2f6789ae0b4e5ad51d77f9d318f7e78da0819383c6057736adad69da72c4f6f14d317d91b025bcb5249dd21ee071c0ac88f55b5b8f12482fecf335bb3410480801c961b401d9bde87a93644f77a369fa3c936a16dab4b621d0808ad95ddd79032481e95a76d3fdaa2b4b51782e99252b2cc072c02367b01939c645614d6ab0c4d208c4b6ad3bcf0fd9e22374a0100b0270140ec3ad26925f4dd574ab58d3c9468c466307761b0092c31f2920e296e877d4ef09a4cd253279e2b689a69e458e24eacdc014864b9a5ae52e3c636c90bc90db4b21498a14c1dcf181cba8adcd2ef5efed1677b592dd88c8471d47620fb8a2c2b97f34b9a6d28a063a8a29290c5a28a2800a29296800a2928a005a2928a00296928a0009c0aad2eec640a9c9c9c521000aa5a10f528b6eeb4885b3934f99c0c91489865ce6b6be8656d454b82188246297ed644814f42455690aa1a8c481ee23a7c89ea1ccd1e35a859cb3beb1ae7da23536f7e57ca030492490c2bdeada4f36de272725d037e601af9ef50b677d4ae6f4a0365f6f303e1be6c924e00fa0af7c8e750c500c05e00f614568b6958d5cac8bf45401c9039a911f22b9da686a498fa2928a450b49451400b452521205003a9a4d44f381d2a317009354a2d90e489d9f14c909e315524b9049182714a26181922ad53688e64c6dc29cb639f4accb9b70546e233deaec9751af05b35937977b8b2a574d28b30a9245195151c8073503539dc9a6576c53395b03494b4d35648da296928185252d14c91b453a8a004a2968c5002514b4940051452d0014514b4009452d2d003696968a0028a5a280128a28a4014514500252629d4500721e3a8ff007b68fea8cbf9106b90950ef07d060d779e3684b69d04c3fe59cb8fc08ae1dc1fcc579f89569dcf4a83bc115cd35453cf5c1149589af5138ae8fc09214d75e3fe192ddbf3041ae74d6c7842429e23b31fdfde9f9a9ada83b4d11595e0cf49a28a5af40f304a2968a062d18a70527b1a5dadfdd6a2e31b8a29af2227df745ff7980aad3ea7630233c9796ca14127f7cb9e28038cb6b56967544748c3f2199b6e08f52455aba8edc4b2456ab180c0642646e2392467a0a74462b79e782f0b99ca8f252119604818c814d6d36e3ca6bb952368a260842481910fa363a93dfb0af21465ca76dd5caf79240c545b011ec521d890431f6191c815a3a3c9209a43656b1ddde47877b8739054f002823f104567adbc899b88e330c4afcba8c04cf400d10ddbdbab4a0e0ed0a1c8c30c8e48cf734a9c945ec2946e6dea57771a6869fcd9c5c5c92a6e01e1f0390bdf8ce335bda16a16f0de2dd6a13cb15bcf6e1a0264c150061b7639c9ed5c65e5d4fa9ada5aa47e5ac6823457cb3313c648c7157df4c8ac1185dc9249298c6c4190b191dce72703b835d124a57ec28370dcd6f15eb51b5a4d6568f17d85d6316e91805700e493dc3570efd6b5b55d667beb1b6b69a0843432310e8986e98c1f6ac97ac9dacac7426dea4269e2908a5c7350c686907cdadef0ccd670dfb7db3ccf29e178c6c50c4330c02335878248ad3b2d3ee2ee2b892187cc10282ddb009c0354de80aeb63abb2d6752d0a3b88a1067822984666218ae013c2f619aec3c3faf1d5e256f2d2398901919c740392a3ad79b786e4fb35c3c9736ab776e00f3a3249da0700d7a046d6d656171aad99b3b795c023e4248c11b94e3f2e071593d42374b53aba2b27497bc692492ee45916655922f294ec45c70327bf7ad6a8d8b0a28a2800a28a28032f59b9d3ed608df5109e597c29742c01c75c5709e2dbcb3d5ae443a685336e511ba00a252720e49c6319aeabc5f617faa470595a46046cdba4999c055c7623a9ae5ae7c3a3c373da5fdf225fdb866130118da9d97835a452d2db9bd34959df520f0be972c97a961a9433428c4c90c9b320b0ecafd318aebe54bf9b5596192e16168d4086709ced620100773ebd81c55b82f2df54d2ca59cd009fcb0c888465187238ec0102afe9d72b7b6b1dc6ddac46194f546ee2949b32a8eeef6b1cbc36ab178d2e21455502d02f049c9770589cf723757675c16a3ac43a5f8cf509e5e48b60225f56005743a3ebc97cd2433c6d14f0e448c15bcbe3a90481449376213e84daedd5e594515d5b00f144499a2006e901180067deb99d5ecb549fc3de5dd4f0a3190caf03c837039c85073c63b015d14311d6665bab8422ce363e4c4c3ef91c6f3fd056aac31282162450460e140e2a53b05ae78ecd0eace972e20b88d6470274e3f7ad9c8c28aa9a869bacacbbae61b9662c236620b1424700f71c722bdc1515400a001e806291d15d4ab28208c107b8a2e992e099e2965a65ecb6f1aadbcbfe90d88dd9496500f2703d6bd1fc39a7badbc138804491921124ea3b17c0c80c457451431408a91a045518000e83d054b45d741a5633359d5a1d2ed659c8f35a3c6624601b07bf35c96a9ae69faa41bae12d423bb25bcb9db24440ce24e0edcfa8ad5d5bc2963ab99ae2daedc4ecc5832c80ae4f041eb5c55e6873da6a7716ba5892f088c99331051d7d0f718eb4214ae74af2ba786adeda5e63bb7652f321509264118c670030c73d40a46d763b3d65adece58ee3780a92ee323125b2c08ea4f181594756161a6369129bb8589c9932048add7e5edb01e950695776b6d6b7f7b2185e109185587292acca080fdb0029c93dcd525d0573d2ee2f23b3b49659db7b411ef9162196c0ee0572faa5cbc3a94b751c7753432aa129e68552000d841ce5bd8573d6f6b733ea934136a0617994486545f95800ae6400819240a549ad8048b4d90c7e487d89e78704b614487774183c81c8142490ee694da7dec4d1bc129858c8eca1417961dd82ebeb9002f23a9adef0d5cea12328bd79cc4ea4c6248ba73ddbae474e6afd9e9d6135a21960b59a49d4c8eca321f38c919e70702b55400001d07be6a5b1d85c52d14522828a28a0028a28a0028a28a002928a69a04dd8751511cd35a40809269a4d8b989b22a36980e2b3e5d4155f6d305c03c935ac693dd99ba8ba1a61c5216cd5113719069cb7209c77a1d361ce87cff002f24e0544b267814b392e98a8d5150649c1ab4b4d497b8e9a30f5108993057d69e1ce79a7f98bc669dda42b26782dda5d3dd5ddf470ca34ffb6b739caefce403ef8af6d8ee972198f2dcfe75e2baa4d75697373a279db6d7ed6778c647980e339af6130a36541e54003f0e2b7b26aec2add5ac69a5e05c28ab3e760039ac328626524eec0e6ad47306504d672a4b744466f666da4990334ef3066b21eec04e0f351fdadb76726b2f62d9a7b5b1ba08341205651d52382da49a4dc523193819351deeb56b696e279a511a91bb9049c633d0567ec9dec5fb55635cb555b99b0bc5548f538a7b44b846011c0209e2b0f5bd712d9a2570edbf38f2f963819e077ad29d177bb339d5496e6d994a8c83927b557b99f642cc9d6b074ed7edaea478e2f3d80257cdd998f23b6454f25c13bbaed35d31a776612aba1325dc8ac493c9a635d392c73924d542e4d19ae850465cefb933cec7bd46ed934da4aa514896d88692968aa206d348a7d3698c4a3158bad5c6a3a7c525c8bb83cacfc91f9601fa73c9aa90788e0bd310965681554f9c8a082ed90005a97349d98ae7478a314908511a85276e3201392053b154014629d498a602514b8a5a006d2629d45003714b4b4500252d145002d14525002d14945002d14945002d145140094b452d20128a5c5262828cbf13c266d0aec0ea8a241f8106bce5c1cafb1af54bd8ccb677318fbcf13afe62bcb47201f615c78a5aa676e19dd34569000c69b524c06f1f4a6e2b96fa1d36d48db8a9ecee67b4bcb7bab740d3c4e0a2904824f18c0a8c8a586430ca92af58dc30fa839aba6ed24c99abab1d53eb5e2a452f3dac36f1263cc68e0f31a2cff7943122b4ac175ad4add67b5f1259bc27f8a2b31c7b106aa68c2de5d674f9b4c91e6b81e63ea1702365570d9201ce3273c0ad9bed1d9276bfd2192d2fcf2cbd22b81e8c3f91af4ee7036ba117f63eb2df7fc4d71ff00b545a3fe11fbc6fbfe23d54fd0aad5dd1f554d48c9049135adf41febad9faafb8f507d6b4c250d90db4ec73e3c2e8ff00ebb58d624ffb79c51ff088e947fd6b5ecdfefdcb1ae8714d34733ee1ccd1829e11d097ae9eaffefbb3551d7b41d22d2c91e2d3e08c79801758cb1f503bf53c57546a8eb69bb49bbf9725632c07b8e4526db5b8e3277576739773df4564b6e2384c503fcf280cac589ce189eb9a1ae6e2689a1496d551c0608acc3e6039da001d718a821b99edf0f04c647910c720600281d3a83cd3a7b4827855ad64553120f315c90cec4f273c0e2bce52bad3737774560934a85a6b92bb5b0501552c718ce4f0715b967613da1599becd37ef008e6990488a40ea4823f41594cd2298a196688db8e63629b95011927ebea2ae5aea6b1456e8e269ad2262ff00dd008f71ebe9c914a1249ddad41b6d16e2b69750bd5964d423b688a052d1c623c1ce40193ebe952a68524f148bfda643c4ce76951c91c920e4934b70f6fac2c51247e5dfe4024e4ab2e08c0049ec6a9e9524f60ed723617838313804b0e010ddf03b56ce51b5b7b92ae9995a9430c170b1c52c9222a12598018638040c76cd526adbf136a716ab7ab3a442209004283a03b89e2b109cd6124ba1d70bdb51a4528140c53862b32c742c048335dffc38b982d4ddb4ca823976a6e2475c12063be6bcee33f3357a67c2fb58ae34dbe13206532ae01ea0807906895ada8e37d4b1ad5c5bc91dcdbe88890cf202d70c14a831a8c039c743582e5a0fb1cb2c170da78037ba921650c4e707b67b8adabfd3ef74bb1923900b817d22c0acbb8b2286254649e3209aa5e268468a9f61b1bb32c572163781db2636538047a0342b74264bab2cebbe20b911dc45692b447cc31bc047cc140eabe83d6a8d878b6fc18e18dcc76eb22960aa18a2938c0cf51583aa9822b9b958e69ae0aba80ee396c704920f4f4aa2865442047fba2720e38e7a75fa52e96b19393bdcf60d5fc4b67a64b6e18195661b8b4641dabd8e3bd4ade20b144b3999f16f740ec9ba80dc7071d0ff0085791195e684060c760ea1b254761cf6ad437acba6ff0066dcc4eb6e8e58384e7ccc7427b9a951452a8d9e867c51a71744472c5ae04049c00323ef7b8ad21a95ab6a074f12137013795c1c63eb5c8e87e12b69196e59a2920c965912666773ef8c018adbb2d05f4cd4249ecae42c329cc90b024138c039249349a46b1bf524f10eb4fa42237d96478df8f3548c21cf420d6468128f10dddfcd72ed359998247131ca818270456b6b7a7e9396d4b54532ac6a142392ca3e8bea6b2a5f10e99625a7b2b74f2a2db1a8876a072467a0ec0535b688d63aab25a9d05ae8fa7d8a28b6b58e229d0a020fe24726ab5c4f1e8f7134f21db6b27ccc40ced39c1381ee6b0f4ff156a5797523c769bed58ed5c216087b6481cd3a6b7d5b5b9845750dcc1697037119502160081d7a839e475a2cefa8a6a5176664db491ea9abeb76eb3dba4b72ca2dde74de3824e01ed56ace2922bfbb8fcd31da3b2aa2bc859669003839241f2f23ad73fa4d9c11deded95e44cc01f2c7949ba5670480a9d867a926ba8bdbfb3babdd320b88d648633e5b4af1852083807d369e98ec6ae5bd8cd1d8dbb9304419446e51494e8471c8c7b5486440fb0b2863d0679ae3f5c46d1645bb8ef2e24ba4323c2aed98c467820e7b8cd2e9a21d774e482eaf89bb98798ae2354970a4a9acadd42fad8e8ae758d3ed982cd791231190339e3f0a9ad2fed6ed11a0b88df7aee500e091eb83cd79e6b1e13d474e6f32d99aed08c81b49d9cd51d37c417da55d175b648d57e492364da1727247a8634ec85769d99eb754b529204b3759fcc292623db167712780063919aa5a778934dbf204570832072c70371ec335a8b7116c91b7ae232439ec08193536b0ee99e6fa96b973e1fba923b40f6cb36188906e58b23eee0f707bf43504fe248b5586d6299112e51595a598e4127824e31d0722b53c43a3ff0069bc9a945343a85bdc129104058c64838e467a100555bcf0de982c2096260a926c2d379a0ca4302581c90a08ed54efba21a63b52ff00846c7f66ad94f1ce63608f09272ea782dcf191d45645ace63bbf274a94895d6640b0a8da01c71ee3e467f519e2a9cbe1e912f6e2c0cf035dc2c47940b13264e011807ae791daa18b4a999a44b69599a224f9a7e5da376d0083c86269dda2799ec6bea5736f2dac4110adb5b333a4b0e02925727a927231803a1ac81742daee789ad7ecaaea710c646724003e63ebdeaf3f847587b4698c1b946599d5811c724807939aeafc19a2cf632bc57d6b1ba3a2b079630583e381cfa0a9d5ee524d9cf697a5f89628daf6c5593ce555597cc0778271eff526baaf0ae9f22d80794df41770bb798a47cad83c800f041c67f1a25f16dae99accda73d9b456908c6f8d3a313d7038c55893c4f0cb64d770cb1c621726447f98b2e188000e41c85e68b8d591a76dafe9b705545c08dd880125054927eb5a6a430041054804115e6c8d67a918a49fce99a3569a58194331889e7af0594f5f635d241e2bd1a2686dada49264da7688d0b107230314daec0a5a6a74f4540b2ab286520a901811d083ce698b750b48b18950bb0dc1323763d714acc7cc5ba29b9a375160e642d14dcd20345839879e94ca6bbe2903f7269a4272b8ad514c06de454848a8e561b49aa8dee43660ea0a04bd718e6a9f9fb49c1ab5a8fcd2f047ca2b398e4f4c035e8c2378ea714e567a1712e9863e6e054f0dd82fc915505a334395f5cd547cab9069f2c5ec2e66b736c5eabb3056e94dfb62b36d73c76ac6dec09209a9236ea5a93a2914aab66cf9db88c1cfa1a79709cb3735962e04698155dae0b3a9f7152a936cb759247986bf7db759d56d014689efcce5fbe54b0e3db0f5eb91152e1d5c0c8fcf35e3d7d711451ea764f6c1aee7b9de92e065002415f5e735ea68e5628c67e60801f62055285d5915565a26cb72ab02583679e452ace5462a9f9cd9e4d219327355caed6673b9f62c99c9c8aaf7935efd988b13179f9eae3381ea071cd37355353d4134cb36b978de450c170a40c13dc93da9b824b5254ddccdbfb9d527963d3e791bcd2322585480bc64961c038ace835ad52e35311c73c166628f63f9ca46028e700f5cf5c555bcd4e77ba5ba9ee85b2b467625bb156c671d4e7279f6a83cc8afa092ee3d32eafee220a2e25ba7ca4a3fba31e9db159a8df61f3aea696adade9da9490896dcddf97ce5a428ac01e4a8acdb8d4ad37db451acb0420b9577915da3ce41f9474ce7a55493549e35badda45a19e41c910e0c00700fd07ad51fb5d9cd6c5efa3325c386d9e4484329e002f9c8c75e052937b20495eece83c3f1bcb762e74ddd261c2c8edc614fa8aed0822bcc6c46b16305c8b399a1838676057b76c8f515bbe15d5823b4173776bf33615132cee4f392455d36968fa92ee7557725cc6abf66b659d893b81936e001db83926a91d6e15116f8668dd9823a38c3467af3f8720f422b0bc43a85f23dc442e2e6300fc9b102c640ebee71551f51b4d4a58deef88a08fcb8102e77303c338c8ce2a9d449d85caed73a09750babe9163b4475899b69642037e279db9fa56daae154649c00327a9fad73fa65f786adae0c968d0dbcb380a5f0543e7dfa5745571ee20a31452330552cc400064927005500b8aa9a8dec1a75b34f70e428230146e66f5da3bd33569e78ecf3646132c842a3bc8a140ee726b94d5ee2f550cd7b24312c436c496d22c84b1ed9e839e4d44a564525735a6d40ddcbbe2f0e5c5c38040698052315cd5c3450dddea2b1b268d8622246ec918c6413c0ee69ad24fa659896d7c429bdd79891988c11efdfdfad6343234659d2370d85e490ca58104ee0474ef8ac6724f72945db43bcf0f69f26971bea179240a92c632f920aa9e46735a17faa470ceb6a84f9acbe612a47ca9d8e7a0cd7062fb50bc819eeb549b6b86ca48c42923b559d0ac5b55bd45f3957680ce013d00c007154aa3d124271eacecf4cd5ecef08b759e1171ce22136e247b138c9ad3accd3f43b5b591e6744925721812a311e0e463dfdeb50d6f1bdb521d84a4a7525300a28a29809452d1400da2968a402518a5a280128c51450018a2968a00296929680168a28a06145145000bf787d6bcb6f23f2ae678c01f2c8c3f226bd4abceb5e409ac5f0030be713f9f35cb8a5eea676611ead18b302314ca9a719a86b896c75bdc4a4e595a9451deaa3a3423d634990dc69767275df0a1fc7157923eedc0aa9e092b37862c5d8f2aa53f22456b4a9bcfca38af454ba1e74a16661eafa547a9aa3ac8d6f770f305ca7de43fd41ee29ba4ea738b81a6eb31a5bdfff00cb371feaae47aa1f5f515b063c75355b53b1b5d4ecdad2ea30f11e41e8c847420f6229bd7408b5b32d3a0a848ac48b50b9d09a3b5d66633dab1d90ea1fc964f43e86b77a80410411904720834d0a4acc888ac8f12dc4f1d925a59ffc7e5eb8823f607927e8056d119e9583a6eed4f5abad49bfe3dedb36d6dee73f3b5568c51d35395cc8e162601486c0a7dbb82877ee56191d722996de549244b3cc21424e5f1bb81df03d6a5c4023531b969493f2e30300e06df526bc5b35aa3a776344818cb90adf2e38c8181f4a75bac7e5ee3f7941e37607a0aa80658f998caf50783c535e50b9dd91c0ca6290599b361776b6d2aac91b4992005321407b7247615a771a388eeee43de411cf1b64c52310ae08cf0c41ae44ce15970d95cf5eff004e6b4a0b8174b1c52dcf92138de773600e40c006b58c972f2b5707bdc86fa2586e1d448aea5b820861dce322ab9a9a7c123ea4d42c0e0e28dd1d515641de8e48a4a51c02735255813ef57a3fc3db886d34f48897f3af656002aeece00009f6077135e6e809efcd6f787f5697488ee3e7555b88f600387c7a823240a52d16a252491e9916a71c9a9cb6fa94f124400300240490818639faf635ccf8b2dacf4e9277de9247704068f765a0527702a3b6715877130d52c005575ba898c8f2b91fbd07a0c7602b2efee6e2ea6695db27237b9e496ea41edf4a692dd19ca77d0baf68b2cb1456f68f1b301c4c70642c72081db82302ba4bcf0d59d97da1c3fdaa58101922f5078629e84572ba69b8ba33113c7bf616df707a91c80091c1ad41a8decf6a4c4b6f6d1410aae0b8594a920fca49c924f26926dbbb145ab6a8cd7d2af619236304a6dee49318c066600e79c7702badb1f0bd85fdaed8eea71228cba48089633ff5cc9e2ad3b4faaf84a3bf7b94dc929620af046718240c83ef5b1e15b787ca92e22b48e388c8fe448c987319c63df0689495ae5c629334343fb2456ed6b6904902c070c8e9b4927bfbe715a7451591a1ccf8af4ed4f54db05a3225b0425c9392c73d00f6ae275dd0db4936ab71399ec9cb10e836939c139073835e87afeb0da422486dfcc8d8805f78041cfa7522b8a924bef166a0d6d1164873974dc7cb8c7afd49ed5a45b4b5d8e9a4e495fa1bde0bb0d2e38545bde1ba9e26f30fc8502e78e14f4aebeb0bc3ba4cba283688b1c96ec3779e061d9bfda1deb62795a1859c46f26d19da98c9fa648a87abd0c6a3e69377382d1ee54ea3aad9c5f25ddcdc335bca23dca8c335a281b4d54d36f607bb91ae5268fe5e0e4ee257dc11cfd6b0343bd927fb7d88b96b54b8dd3995700a104024f7da41e6aee917e6d2fae2e20965d55d01333b21002a9fbe0e4f2470056b2bdee6771da9cb79a9df4124f1f9d68d2b2c0225dd939018e072404e41acd3a669e65b8f22f5ade5788341fbc22362d9c2e48247d2af5aeaa6e92c74b82cd6d51273279b28f9490c492bea306b987bb9e2bc12acec4accac3927710786a8bdb421b48f4cd3f5556d0a17b71e43c6ab0afdb4b28240f5ead5ceeaf7c6ed7ec1169b6cb733ee91ced072e470ebd4f20f42322b574f834ef125989b6f957509f98c5c80c793b33dab9dd72c621133e910decb08604cee8df2b03805580c9a1257d0a6ddb439c125cd8b6d322089c2bc9c64238ce03640c11c8af45f0a7892d2fec22b3bb91166081407e8fdab9d835a92c6d3cad4f4c6f394acd034c8555a408064923927b57377b6f7505f5c430ec629962919c80a39254f42a2892b137e5d8edf5bf11588678eccca90ac6d190988d0b120e40ee462b1342bbb27bdb396fa487ecf6ecea830558648605bb11c923deb93b992e7648e1481180645e8403c061562c116f276f2c2fd9e25df2c61b9d8b80cdc91c9f4cd4a72b10a6db3b7bdd5d9238e4291497c90ec91e3ce32fc9dc7be47231c83567c07e1f81ad8ea37804ecd23183cc192141c64fbd725a6855b396ea1dc62b7ff0058036124249c30cf520638c126baff0007ea51cba159e9d15df9770ac4c8ad113f2724a8ab69dae8d134ce85f5eb783501677114906e0ccb33e046c0639073d0e696e35eb18f2a04b2cb91e5c68996932339507a8c1eb5e73e27b8b769a0fb35f4222b78e48e1d84b32153f2ab124f041eb5574dd6d639dee66ba73746331e549392410369352d59a4273b3b1a9e27d6af2f93eca2ee3746dce311e0290490a4f7c05ac14b0d42764b882d729764aa1da0072016391d8639a82e262cacab296823880760a39604642fd30d822aed95c6a26da548659a1894eef97384193dfa024356574dd999efb9abe1d682cf50917555d903913897cc27e751900815b96dab786bed01a5b3168c18b24aca406072324f6041ae3ad74a170b7db6f959ede23213e5e0b8cae40e7deb6ed34fd334cbaceaf790397c340a558a95ee707eef415b42eda5d01b69791d76a96ff6e8963173716ea9d3ecec14b7a0ae261d2deced22d622bb692e12e362a142aaf9ca8e73904d6c278a2c6ca46b2962781a03e5ed53b9700e060f718e6b2f52d62dee4dca5b6a25228153c9b71951261831c9f6c715bb8c4cb9b512df5fd5fc3ba93437b1dc5c2c68b194662cb8232a41f5ad8b4f1ea8b6517b68e260b925480a4f6e0f22a29af25fed3b4bf7682e74f55572e5f6ac521279f73cf15957ba3cba95f6a0f04704dd0a32f7cf2403ed9c9a8941ad8ae6f33b9d0b5eb7d66d9a48c796e0f31b30ce3a67e86b5c385ea6bc76dac6ea1d45574db7bf6612220668caa87001249e8067a57a71b894d9c6d75188ee0a82e8ac0807be08a51836ec352d2ecd29594ae6b3ae6e4c5809cd5292fcc71f2c001dc9aa92ce643924d74d3a1aea652acba1a2b7eccac09fa535ef59c15435906420f07ad51b9b9bc2f22c504aaa870ae181c9270085246456dec6265ed9961ef53ed06297cc8586305c615b3e846455ab996d6dc2fda2429c120e3ae39207bfb5731757325cdb3da6a173124bddcc2c82b2a2694c6d1caeb3ac52130b13c038e1b20918f5a529a8e8d93193ec7a2dc6a5636310f3674418040279e6b0a7d6ace588cb6f22ceae48c819c7b9071c5623eb56eb6dba685665949225986147d724f26a85eea5a7491e2dec502e158c8a0ed3dce1481902953927aa639c9b76b1b8750b8b897cab2223b70033cf32f3183c0001ebec6b46d6f22987971cc6465182c46338ef5c6a6ab12005fcabb886dd8cf21f917aedc704e2babd32e6cee6053660ac4dcafeeca835bc5a7d4c5c9a65fa3f8853124570c50e402467b123ae297702e572370ea3b8cd58ee798eac2dfedfa86fdc2f56fb31f503665b77b75c57a7e49393d6bcd754b5866bbd76ee7ba2b7114dfba8b8c4a0b107dce2bd074e767d3ad1dbef341193f52a2a63bb3a2bec99673466928aa396e2e6992c314c54cb1a39424aee19c669d4b401cfdc0d32db55922bc994b5c18c08ca82a801380dd8024d173691b462f1f504b2b28c836f80008c0ee074c9a9757b6d125768aec28b890e7f73b8ca4e3ae066b2754b4788419bb7089184b72c36b28f52013dba9c542beb70ba68b09169524ea835495e568cb7da249305464609ce324d729269d0bccf15bb1389084ba91b6a48060e146339e6b6752d334bd2e4325edd4d8977b2242a09604900e4f19159d77a62b59fdb62b93f65dde5c7e6000e00ebfd3358cafd8d62d2ea55b8b98a6bfdc372c18195e557238380338cd4da9cb62a2d62d2a496189e3cc8b249bb193d38e6aac16704b2e249c05d9b82afde739c63938155ae2cdac64db70549e8467ee9c03fd6b2d52d56e5d9363a46914c713ab2230246f6c2bfb9fa1a7d902d7709b730a946ddb9cf04e78a65ac76c932c7773244a0ab2b88cb8607ae6ad5c0d2564636ff006a745e82460adf91ed4e30beac1c96c8ebf418ee60731dc269a892125c0995b7127b01c0aea2bcce2b15f3ede6d4428b290a833152319ea081823ea2ba5b7f105b9845b694a0aa02b183b98a8078249e066baa325b18b4cea2ab6a50c13d94897448b7c664c1c640ec696da63f66569e4469546640b8073e98ace7d6b4fb9b7b986e2496d98663743c4849ecb8cf34db5b3038dd4edaceda7dd6d34e139290be0b1c9c6063a03eb54e78516da2967658d76101131d41e72057477da3e9f716f041a6cb0197717911662ed8c632c47a7726b9c7962262b486dfcef289f2d3248663ddbd4f600563256d0d22edb14a48dcc6d2456ade50382d82c093c01cd4259ae5c2e638573924642e4fd3a9f7ad78f4fd45c3ca55ae224c33a2b161c738c8f4edea6ae6a5a0ea7318e64b73e7b6e0e80728c703048ed83c542a6eda229cd5fccc0b2c2ccca645dc4150188c13f53fd78aea16ef54d32ed2e25d3a39e50cf189514b16c004e3b8073c1accbcd0aec2466e6186d66930514ccabbd48c90413c1ad8d3efa35bab6306bd045b230851c970c4700718c8ad69c5adc8934f53acd36edef2dc4925bc96f20386475c7d08392083d8d5aae7a3d52217e18f88a39224c09105bfcb9ff78715af65a9d9dfb32dacc242bd7823f2cf5adaeae416a8a7628c5318cdb46da7514009494ea4a004a4a751400da29d45003696968a004a2968a0028a28a0028a5a5a004a2969680195c178a9026b773fed046fcd4577e05713e388c26b08fd9e15fcc122b9f12af03a70aed3397b8fba4f6a839ab3700189aaafb135c31d8ee96e0061d8e7ae2978dc298c84b2907a1a7b0aa5b927a4fc3d94bf87ca7fcf39dc7e7835d52e715c5fc3793fe25f79083f7660df98aed23cd772d55ce29af7d903e5aa482db76371ab2b183da9eb1e3143969a12a3adca7776d0cf0bdb3c0b34520dae8e3218572f32cde1429cbcda1b305209dcd6849ec7ba56cf8d1c45a3c6646952d1ae23176f0921961279e4573379a7c1696d777d1456da7e92d6ef1f931dc197ed7918527b0344245f2ab599b1e22be96cf4f55b5f9aeeedc416f8f53dff000156ac6d63d3f4f86d9586cb78c2963df1c926b13c2fbb559adef1c96b6d36dd6dadcf4f32420798f5d4d6973292b2b1e596b23249be27f9a30244c8041fcfb8a6315e18120f6619151120bb85ca9cd0b8dfb49ea40cf503df02bc85167559dc6b5cb6e70403bbb93cd21cb447f31f852cd6dbaed63d84312063a123b1f6a7dcdb3c447cf90c3f84fa1c1155a6c0c88468e15bf3c9e49c741edef5247204da46081db000cd2c76d3c906f8ede575f652471d4d4e6c6408ae55369e411c82a3008e7ae2a5ef6049bb124849233e951b93818a731cb1a63d5743a905291f29a68cd398e1697501bdab5b4d3f6c02146b687c940b23b70704e7712392456403d335ab6f6733581ba2aa2056d991280cc48cf43d877a26ae8ce4ec8b5770d9c3a89b78259eead51be67db82febb78381542fcabc8f2ac9e6023a907b70064fb54a4949ca4729f93805090a40ef9001a7dec86ed62658e05c0c1dbc063d338acb992664429306895a3511b740a338e3a934e321b8019408d17818e319e6a1d8f19595598b63964cae074c1271d45470f99082c13f744940c41c1239ebea2aada5d13767a2d95cc5a7e876164629a5fb585926283aaef1c8033d0706bacd62fee6c624921804911fbcf9fba7b6471c1af3af0e6aa2d0847b5f383c6448e1b69c672304f420d69ffc2592a39bb8cf99f68004d0b2e51540c17073d48ea29dae74a92b1dae83a91d56c3ed4d1796ace42fb807ad69d73ba15fdc4b72218ece65b2600a332ed10a8505463be6ba2a86acca5b14753b1b6bfb578ee23423690acc33b4918c83dab884b3b8f0cedbcb0952681517ed0a08233c67ea093c1aec75bb3b9bab73e45d08b0a7724881a371e8c2b82d28d8c9617d6b7573e45c4a8482c5805c118071d6b486c74d16ecf5d3b1d7786b5c3a8bbc52b317625d0e0001476adbbd71159dc3ff0076366fc8571bf0fe1bb84c92048cd9c84e5f2370615d4ebee23d12f9bd216fe550d6a9115a294da462780ece19341769618dcbcd275404e0e011fa56a4da758fda89b7d8973142408d08e07383b475209e3359be168ae24f0ddb5ba2910ccb2ee991b0c84b360807ad59b38e5d36cda39268af2fe353f7369775e4ed209181c5393776ee6473ba9d8bea5a55cea16e22b8d416e03130e494000501475c1c6706b2d3c3b16a465b7d3035d4b12073759daa2427250f6ad2179369be65a69db717c4166704793210085c9ed8ee6ab691e2bbfb2f22dda2691bcc2a620012e49e31819ce68643b5f535bc1ba349a7eaf7105fc21a6863568a5da48e78241aee00038e95c347e2792cb4cb731593f9934aca5e56ce64dd9614f5f135f4b3c4eab088ccc22f2448a0b374ea4e7049152f56526b62f78b35184d93d9cb1ba333820b8f90a8e7248cf07a5705aed95a41216b798c3146a31f2025f8018f19c0c1381deba09752b5bfd62317cb2431c876cf1cb26519864671db19aa1a8cf61756b70d6a914d76b22ec48e120045e870323271c8e9548996ab4395636eb0f92b24bf301bd98f0c07008029965343186f2c6256258b13c9039e4fbf5c56c49a76a12dc45320469675202a295665032411c103ea791526a9e1dbcb65596fada3cc997090e150311929c630c2b369bbea65caf723d36eec6780dbddac92440b18065888c1524803d49e455c6d6acb4ef0fdb5b5b0db7b2c4247b984e1a3901c00dec71d0561223c504c81559e48d58303c104e06e07a63f3152de5b410c724484dcc415002fb9446c4648f42450a6d2d41c9d8a1a888e5bb64b491e705c98f2416c76cf624d361b20c36f9882539f9848739c64020d68269f1b98996d63077840824f9c9c67903d406a9adf479efed65b8b58da32bbbcb336141e48c127033e952e5296ab40b5d14a2b5962450aa26949dc4950ca14000923a1009af46f0de9b343a75ec1ab450bda1cc9f6865c173d8ede84015c021beb58a28047f2dd6101f95b760e7031db9e335a565e28956d56c8c2d23245222ee6c2bee39cb8e338e714e9db5b845a437538e513b08cc39502386686131931ed23247a907af4cd51d4f50b992e19a590066844332edc14c1c00d9ee2b55f508eff0055b2b9b7b61776f05b032260ab0551893ae3a135cc5e1574fddab920b02e5bae70066adc9a7744c91a16f75e6a5ea3cb11842ed8fcc8f6ee009236f7047cbc9a8becb1210ab1e6e242cea44995503a2f3827d73591048f1b80d26d04f7f5ad0c492a34b2aee5c0cca573b0923a63b53751bd0c5248b376f20b25130666898216c1033b012b81dc7526a3d2f59be88476c2fde1b7ee41381c70091c81559ae330c8a4bb34873bcb7ca33c1247ae2a062ace76ae57ae58f1e98cf7f634dd5bbd039743a9d3bc47776d78f3c97315cb1882864ddb646c606ee9935a373e3391e2751128970b86e87d4f06b88584c081de291779f91f279c039e08ab2d208e10ee1159fee6548c8c7072719a1d49a7a0efa58d3d435b7bfdc8f27976ece49403393d464d5fb0f1205b6884d6b3367237a72320fdd19f4ae6bc9772dfbb0252012ae303079dc73d8d7476b2d843636a9768978c7243f5f2813c03c0c574e1a526db6cc6a5923a10e1d4329057d8e79ee38aa77776f6a92c9244ad10c6c3e6019cf041cf4acb95edf4c856e34f932929652ad267e63c8e0d53bff103bc66368c2e180318e3cc03b127b1ae99d78c747b9928b7aa32278e7d46e658e195cee9384ddf29249e84fa555b7171995012cabd79c633d3f138e2b7ac8e9cd15ac0f205420c93b36000ccb82011c9a5bfb8b7bb896096531aa4adb3cac2aaa9036f4ea70300d72ca945abb7766a9b4f4463dbc930b6f31e2504c408ef95eb8e7a53b5998bc1145385c20e1931b411c91e80e3b8e29f04244cd6e97110498aa063c120fa9ed8a9350b686c8f1324ccdc6cdb9dc3a823159c39f5e5d8a693df73334cb15bdbb8a22cf1990e1f74630413d7d87b9af41bb4bab68238b4eb74d83ef9040603d541e0935c74514ef73e4ea16f881e3043160194760a4ff235a3f629ac6c0be9faadf476e149259415c81c003a826bd0a4acaf639e57bea5cfed09237de4c8892c4a4a19083bb241201e54f1cd69e9277c6ed1cb13404e1022b647b927926b84b2d4e333bdc5cc0d25c1605e59a4c8527b823915db6857d717f0b4b24b0b28c001086fd46315a464993669ea705aedbc936a1a8de065d91de792e9ce7e62c463f04af4f0142a8518000007a0af32d6a0b89357d5ee618f16d05c9123646012481c77c915e976f2196de2908c178d588fa8cd10b5dab1d388bf2a1f4b4da5aab1cd7168a28a6047e444b234a912895948de383f81edc9ac37d360d3164babbbc68a0c00e23fbf3b139e49c927d8574001355eeed2def9144cbe62a3e473c641e86958472c668f589dbfb27478f72ffcbd5c2d675dd808b5581b5bbab711efc148410010b90083c01ec2babd5665b0b658e0336d400086dc0ddc649249e95c54b617daa4ef7d6b657122b9662180dac4f2793594dd96d765c4ce261174c6d84e22462033e0613041e9d2a7b3b882695565820f2a0048523e6233e9d09c9cd4d716d2ab359df14b79523044414b4b212480a3d6b47c3d1d8a58b4d3442f6ea47f29edcc25b61cf526b349b691a5d5aef728ea922c81ade689629460ba901442a3901738e4e79354659cc3a42d8c90ed94be64047ce00e80e791ec2bb8874fb990c53086d9e07cb98ee81f9083f743104f38ef9159bafda584f3bdcdddd9b29406636e406dfdfe42320e4f535a4e2ed7428b5b33978aee69518dd61b74640771b9f8e028c9c01496d34bb8dbb3bac52632b93863ebc525b4d133399221f6724129b880c47bd421f0197f80127e5c6ec76c66b8e526f666ca291a6d6915bc0d3cb7512b2b0409264498ebb80e700558d26c86a376812e650a58fc870599704e71fcf9ace8268650a84431f0497604973db71ede9c0a812e24b63b62628ac0ef50d8df9ec48c135519a4d5d5c4e2ddec7417a20b49a5b79b522625018bdb46001ce30c0119aafa74f7334c2181a1b5944661491d553683d4027f88eeebd856733dba209252d35cb203163a467271bbd78a9e2bdb9b486e2de1b559ede65cb99a1f9b1d493f88ce6b673bb2795a47a0e83a64b610bb4e919b97001119246d1d0026a79f55d3ede379a4ba88051f3e181231d88ae6b7ebda9d98ba91d2cad541548158af9847038e4904d165e1b37ba62a47a846a1243bd52305548edc806b78bbab232b772a6a9ab687ae5cabcc9788ca428030a1c0c9058e0f02b26ef5182f2d9becda625bca0806e909dc3278dc47506ba0d734a95a58ad74b96656b48870e711a00093b49e0135870bea36929f26e94addc61a41b448a80fa8a4db5a32e295b428413456572a21bc66888224736bd4f70ca4f22bb5d035bb18c159a48cdc4a463c98f0318c700f23dc9ae5b44b19b50f113b88eddf73b3489707783939239e49f7aee60f0be93009162b6654703e5f3092a47707ad4c53bdc25646c23a4881d1c329e8c39069714ea2b5206d14b494c62514b4500368a5a28012929d45003696968a004a29d45002518a5a2800a28a5a004c52814e54279a76c20734ae3b11e2b8ff001d27fa5d9bfac6cbf91aecf8ae57c731e60b293d1dd7f300d65595e0cdf0fa4d1c5b8ca608aa80702aebf5cd54523b1f515e6c4f42495c61e314e34d7271c0ef46735693259db7c336cdf5fc5eb12bfe46bd0825798fc3c9197c41b47f1c0c3f2c1af548ad8b005c9fa575a9592b9cb515e7a08a0e0f1c0a500b74e955f50beb5d32ddee6f2e12de11fc4e7f41ea6b146abaa6b11634787ec1687fe5f2e97e671eb1c7fd4d1abd89b1a9adea761a5da17bf95551c6d0846e6973d82f535c5c3e1d5d5a5320d222d1ec5bb1c9b8707d01c88eba6d2f45b4d3a66b9dd2dd5eb0c35d5c36e90fb0ec07b0ad4037364d5c7dd25cba228db5a43636b1db5bc423863184414f22ae3461cd3d2dbdb355ceb76472b6cf107528c415dca79e3de932415dc3673c1a7a02ce04afb78fbc795c01c0a910111307042a2961c6d27d0f7af31bb6e745ee0242eac5c2e180e07f0e3bd4b1c912488163660ac0856e738ec7a714d31b2db21d84670a0020e481de95a2540af707239ce1805fa0a877bd9948952431cdb60248603281b03df38279356a1b8c47306484bca393b72464f627a7e15452e22fb3aa5ac2d23f776046dcf607a11ef8a77953a9325c3306619116080b9efeff005a4a2ef7b95149b03cf3eb41a0d25686e14bf5f4a6e699248bf7770dde99e685b8dd921d8c922b7566f22281220ea163e0b00c9212002476ac0f333b98569db6a660c1b699931bb084821723048cf7228a8d25666150bf7a964d2db7d9a6db298d4ccb32fcaac4f518e48150111654a65b0bc8da463d7155d648a4e486dbd36e79007b8a93cc50aa406c103041071d39f7fa573b6da21ee3d82f96c8e07ca73b8757048e0e29b71089a36241c8c01b5bf4c558f2edae2408f26c2d9326170a060e0fd4e2abaa9f2d6525a352320f723a67dbd2849a57169b1a5e18b68350b8b882f269239668f644ec370593af27b0e2ba6922579ece7516425b640ef318c303d80723a81ea2b8688fd9d589565958e376718abd0debdbce8d249ba58885c3c6080076c1ce2b455342e32b2b1d1de78cee1edd1246319562656846d2707800e4e0575be1fbb78347b6fed1668a566d83cd24b124e4673d2bcd6eafe2b8d54dd59da2c390a547de008f40689f54bdbf771732b9524b1424f5e7a7a0a5cc9ee353b33d335ed7134c8411196248197521181eb861c66bcfb504b7d5efc2c11c825908116cea141c723b9c639ad887c52f369725a1b2884657cb1b385552315ccc77696570b2c07f7ab20dae33d07a538ca3b23d0c3b4d69b9e89a56953f86ecdda5d4ccb671293e52c0abcfd79aa9aeebd1de6917f0c69b736f1c8a1b86f98f208aa4be2db98ae2160c658a48ff007892a81b1fbe08ea2a8eb5ab457ba5cc92cd6f7174a14c6e23c3025b24038c6d02aa2d37a9cb524eeefb9a567ac3d9f86ade3b594a5cdb451c8f14919fde863fc27b824d55d5759bf9278ecb51b258a5760a0a1cbe3b8e0f2083dead58ded8ea36ba5698d3a89511016c157560013b1aa2bf55d22f92f65bd8afed2651097760d222af391d89cf4a7a364bbbd4caf13666bbf3acd1a6893cb49e6080ab3750b8ec00e292dedadd962ba5bd8ecee25df3aba296f25812bc91caa906a76b4d42f6ce2105d2bacd23c91a3295761824b9cf5cd5c3a4e9135bc32c77335ac1204472e8c4393c957e4018f6a969a60935a999a84316a93b4714461b85c393e63335c311c95cf031d49a8f40bcb45bd8ad6e9609620cef23b7f7803820f500517d19b29e086ce5b72d06fb88ae3cc2778238400e71e80567db837d75e44e11764781818c807a027bf3f8543ba7744eb7ba342e9ae752bc92f1e4db76aa1f62a619c6d27200cf002f35268daac76f69e638924b89a668e41ca26c61c0c8c1247503b66a1bf636972d6e64fb3b08d90ce84b87ed804e3208e7eb58125db1866b5cff00a3eedfdf24e304fe469b959dd0a52499d78b764d6239609ef6391770b596e369566206c049e8483802a3f15c4d3c735dc1f69f3014802377940192e0f538e011c135ce4ba8f916e9007665c8932d8f9187752718e3af5a91f529a47f9a711e41ccc819dd81278c9e49e580a5ed1750724d586dde9e2c20896799ccf72a37ee0c863607277039ce3b1155e786491a1de1e34116d495b3ba424121803d8fcbcf402ad5c5efda04b772ced24a14f98c0e761e807a9c8a9228e69e56b6594bcbe40c163bbe5003155ce7040aceedbb244d93228458db69cf23cb726eb69401182c70807040c637646e34db8d46e66d2858f981ad2394ec593866ce38e3f3c55bb8b68ada7b696c6d2e5dd82ce90b00c78c9cf048030b9c1aa507db6eaeada389846aeead02641c330c038c12320703d2aadd1859d8165b89fcb8719dc4ac7b46320761e9f8569da5ce9d65617377a8d8c573a82ce2341239ca15182f91c8159f37eea42fe598eefcce2144da0ae386500706aa5c15cb0126f6724c8accdb81c82413efcd42bc5b2536b52793568e4898a5b3c2195fe4e197e720904f071c551164b7215622a81405218ec5dc7bf3fc23d4d55964657061857ca762e379e833d08e327eb526669515247322800e73d0678193577b6a2e66f72e8b6d318db2ca971197077bab0ec7a743daaac77125bc172b03379b3e3002e4800e7e61571e4b62585b462dd5c85e172381839cf56a7c924914649746971bf793f7c7720fe9553ad66acaf6ec66a375a95e5b6c5a2ccf290630bf7a30a7924e318e47bf5aacb079776a8e8c5b23e5519eb8238c75abeca63b985a12af88c484f2c149196241f4c741c55f8b500b7b6f2424492c41d46f8c2870703231fc46b54949a6f421c9a33d8433eeb8b989e494c85404c0dfdb2c4f39cf7aad05b4f3cbb22b5692546647442485e700b673c56ee9babc3621f36320491a4924741fea9baec504718eb5a9a18824cc891c9160131abc8ac363725971ce091ce6baa34633b3b9939dafa1cc8d2122d25259e59639d882225392620d83dc02055b8350b8b589a185616b79598476e7e628b9ce5bdcd686b9776f2c51c7245e5dc212e048769500e71ee0e2993da5bc2210f105d3ee4b49b4e370703207182011c62aa5077b45dac25256d4c1be62ae1e5b6f2e5621c2e00e3d78e878acf9ee9bcff31a3dd2903a7502b775086eb56944d2058e2c9b6b645ee49c6178e83a926aa5fe9d3d85dc566b32dca373c803200e6b96a5192bc9dd9b464b628899e2b4c32e54807627014938c922a2592e2dced4285c92846032a81d8139e466ad595b8682ed5d961112ef657ce719e0035596630a29d8cbbc960e9d5bb62b3873277686da6ac8d63a14df604bc81e39a4e0ecebe5e464f3c56f49a525f69b1c4237b227975232437f7ab0744d44db4bf2cb1ab3b8528eb96fc0f000e3a57650dc43310a920dc46421e0fe00f5af528c60d7347a9c929493b331ec6eda48ae5352b73e54042481c6ec11d08f507b1ab367736f7d6ced681775b118840e14633b71ea7d7d6a5be061b88a503e49da3865f63b81463fa8a87560b07fa45b8f265ced79a31c7073b5f15ab692bb1257278f4fb2701df4f8e37e49046792727ea3353c1696d6cecf05b450b37528a1723f0aca1ad4be447712c4c22330123c2a484520e060f5248a9ee35a8a2b096e7e5c2b048d865964246703b8a955616b8ecf6384f105dcb06a3aa5b46cc2de5b83e6f190c413826bd3604548224072ab1a807d80af2ed4b5191aef54b6d8812ee61238ce482092369fc6bd2f49b88aeb4e82485f7008109e982060d2a724f66746213e54d8b784450c970d2bc691216f97dbb9f5ac2b9d745e2436f6d208ee65c285e36bb1e073e9df15d292002c480a3924f005737abc5a4b899e1beb686598ef3b70c7cc1d1811d0d54bd4e58969b528b498bc896792ee55c0c2c6171db80074abfa75d4b7719796cae2dbd3cc50011f99ae4b4c6bb6465b5bd32dcca4b492b1d8cebd01566e801e0e3926a48ee6fb4cbb334fa9a054255a29e4660fc6703229296976369a7635758d56486792d1e18658a43b02098c52b0f63d2b162d424d3e26fb3e6159010158964727d0927e61df151df6b0ba85d3483cb36f8e4cf96c8ea555738351c1aec8b7b0a4a02a43f2c6cb0a8118c7618278359ba8afab1f2bb1a3a3db5d6a77117ee05bc48009886cb12391b81c75eb9155f52d6351695a0b6b57b5b18cb08d4291b80eac48e6abebd2218eda68af607b92e5a4f28157c1e79514dd3755ba4b78ada0b98989425a258c38439fe3cf247b0ef4d3d6c9824dad47dfd9c8ba4436e6ca4965b863223a464b29241c64e0724003be28d36f34cd19c35bc6f712cb08528721964079031ce0e6b56e359b4b5b6499f5092f6e94900797854623a81d3e95cfdc9895e2bb8ccff6a690ba3a9018103b0c1c0c9e9d0d12693d1ea5c5dd599b769acea1322dcb68b04903b8442b966627b01c9ac2d6353835abdc5dc46dd20c8104780e4938fc48a6c6faa6a7bee25b9f2fca2b09963011897c819031c1ef536ae20b48934bb29609234ce658f9662c707247078a894ef1bb7a0d452663c503dd9105a5b9918310020dcd2609c1f60050f0b1321322662214e1bbfb7ad690bb10c1e56d36f7111022dadb4007209e31c8f5aac90a1b5867981d923e0ba91be51c64283c000743dcd67c89bd0db9afa8e824b148ae1ae2306eb6a88d123cab13dfd01a85f4fbc168b7be48313b144fe26c8ea315e85a6da5823a9b0b065b5888642131be400824e4e781c7d6a7d48df4b2d908606555b80d2b64361003e9db3dab7f649ad4c5556b4479b45692225c09ad642e8a4c8b83ba203f8873d056ee8f6d36af6f3369b7df67b88b6e61719560077ea306ba2d59cdbdfe9f7c989a58898ae57685668d86338f63c815af15bda5a89668a28a10ff00348eaa141fad38d34b614a777739e3e1d9afac9cdcc16b697e0831cb6ecdb49038246702ba0b1b48ecadd618fb725b182c7b938ab3b4d290475ad49bb2b5f5a2de5a4b6f911f983a803a839e6b3b45d020d3f7cb2859ae1c83bfb003a01f4adba4a06606b5e1a86fb6c96920b2b8524e5170ac4f5ce2b6edd2448516593cc70396f5a968a0028a28a006d253a92801b452d14c62514b45002628c52d14009452d140098a5a29680128a5a96181a5e949b4b7049b64540ad21668a3d6a3308e816a5544f62f91a2aee340cb1ab02d98e49200a952155a4e686a2cac2000658d739e398836911ba8fb930cfd0822bae90009d05737e2f25f42b9f6287f2615126e5166b4eca68f32bcb98ed46e933c8e14773552cdda48da4650aac720726aededb2dcaa863c2e49f7aaaff29da0018e2bcf56e877bbdee34649cf6a4503071c734fedd6a34ddb06eebce6ad6a433a7f87b288bc5361b8f0dbd093eea6bd12e35ebabf636fe1cb54bac1224bd98916e847607ab91ed5e45a4a5bbdedb25e1c5a34ca26e48c213cf22bd8745f11e87772c56168cf08c6cb70f0b471b81d909ad6da5f7b112dca90f87556e16f35399b52bf1d25987cb1fb227402b4b61c649ad5920dc72b482c99c64568aaa4b539e516d99b8c1a9228cb1e056ac5a60c0dc2adc564a9daa25884b62a345b32e0b4663d0d68436417058d5d440b4fae59d66f6378d248f9be38a55b6dfe62b7058a1e02738ce0e7355c5d299da4745e0f1b4606477c7ad3e582712afda08da0025791907de998568fcb4897039381939e99c9fe54da5d4cc7bdc5c5c4a2472630061008c938f5e3b9a4c468eb23892661d09eff004f4a742c117603e58520b9393dfa55b86e62481e2900915cf0c1549cfa824647b54ecf506f4d0863940557024dc832fb233800f734d66076ec042b1c9c9c9634f3731da9596d249639f905958a8c63181dcd55032ead8c7a0a14527a1507a967269a4d2f6a61c97ebc0eb4d9d03aa86a08e5d654c075200fa55f3504e33445d98a5b0eb55f32dfe66c6e1c9f4a9607314f2878f70553d012010383c51a6c325c4f15ac6bb9a46000f7351ddae6e18abaefc6d3b07ca3e828a9bdd984b648d2b074994c22288337218f05483db1ebd0d6fd9d85b5c4b0bcd790c2cb81b26192ce79c70400a0572d65bed99a488ef31f43dd7eb8abaf31b993ccf270f82c581ce481c9c0e82941c56ad5cca57d91a1219d35048c45137908496660aae00cf047518e9deaa92924a5a00238986e30b1ec2a14d8e148c03bbeff005c03404652b292c854ee04faf506a24d37a94b444fe6070bbf051495ddd390318a0caa11576b1e809eac493dbda9b7f7d1de4eb304f2ee1b1e66deee07539f5ef55d1f3826370c46d18e393512a693d02ecbd14c0b3acf1aaed6dc1b23afa0c524932ca1591c80849da0f39fa8ec2abdb22c0cc195497ce77004a9fafbd3518f9ca625631673843fcfb5472abe855d135c4ca11b3c31e7763191d6a162665cb17676704103803a726ac3c6c463cbe010464f18ebd3d69124f2ee95864a9c13ea08ef54aed591ed460e515ecd592d457b832c86d45c18d7af3d88e307dea211cefe6c4c00688001060939edc5327b7fb1c8790cb2e583a824f3f5ef53dbc7186f28160cc31c1c631d413e949b699e4d693736dee5abfb596c215dc619164843c7346d90467907dc742296d219ef0ee9227fb3a1f9d15b05401926b35e426420b8f29324f3c1e7b54a5e5d8acb96672570063f0233ef4396ba19f358e96f7c46ff00dad6f716f188160b778610cc0ec1803209ea7159e354b49d654bf594de4d32bef1c614f071938f7158d32af9eaaf2a99e1982600e0820f23d79a278ee92428142ec2c0a95ce0fa8ef8a7ccd6e3726cedac346b5bc8ae2eeccb5cac4590c71121a3e8632a4e4161dea1bad346976970ed25c48b0cce1e48db0d0ca47ca483c1520f26b3341d766d36de14fb4cb15ba658f94bc3b1e99ce6b4eebc4ff6bb7b836f1bfdaeee5511c20f0070001dc927935719296a5a9248e4a6b9fb432aa86925276c6acd85419ede94e168b79146f15f21bbb998c6f1797b4a82000ca7bfa734fd434afb3cced1cdb97cc204bb76e187620f4fa553729bf792bbf1b02a8c90077159ca493b1911dc432c136c665470727014f278041ce0e4d2bb48265092913c87693b703d38349702579a294310c48dc187cac0f04914c9137c6bb4959558ef66c9c0e840001e2b35ab0b13c56ed7368d71be38d63655d9fc52e727239e704735d169b78d6904b6f7105bc6c877a4a2305d5880492720e187181d8d72c2650ad13279781d8e723b6e1daa7bad43730324992a000319391d2aa3369e884a4d1d1eaf25c7d9fecc9bc69e712145f94a6ffb8188ce72076e82b27cf94161179219d40cb9194c10460f500e3b5538b50963b57896463048cac57230cc075c7b0350f9aab1b3823701cb11d39e4e4f7a52777743e665e9243845925f9237f33729f981ff00a679e9506d5055df1f68f309ddd8a91e9d411559242f12b95779fa600c051ea0f727bd3c194f6556049de4f4cd2d766269839dec3cd04e09046ee323a66a412451a28524221c170490dc7a1ed503f9a8a258e4532b67e53c163d30083525a9888dc064c631b429049e80734da496e2b22762cca1c105508428c403c92738ec38a9238525b753302220c11cab649c9c7cb9ef55c46182c6c4c6cdc85eea3fdacf3c81c50ef3a654b3177230e0107d33f53445eb7484d177526885df9b64a6389220851070063a1fcbad269f7d689710f9b13aa201bc163961820104566f450d2372eacc463ab0e47e748248e62aae0a700264e36e7bf35afb46e57b13ca92b1b7637b2dacf2c730cdba318e449392c380403dce2ae3dedb59a5c9b491bcd6e616e08d8738eb9c60820551d3ade2d560659dd21fb20c940a5838eec7b93c73eb536b3a859dcdb2d95ac7fba751e5a2ae1849d1413f91af46126a37bfa1cd249bb5bd465c96be8ca5f4b1adc465144fc9ca921810075006ec8c55a176974eb05e46d3a473161313f318c86cb7bfb62b32692d05ecfe61658b3b245008c6300bae3ae71d3b66a2b8b95961bc81e2657902ec264c7118c0038c1cfcd42931f29a5692ea06d6c2e71fba66611a37cd9c0da0e075fe2c7a9abf325f4f15f493c315b45e53ac6e46e9339c839ec2b3f427d452f21850aadb890798586d6c633839e79ec056f6a3a9c1632ac571137ce010dc6d209c1fc457441ae5bb339277b239396cf519ddae52269d65392ec0609e738c9e95a13f8582d8cefe6e6e480410bc0c1e98f7ee6bac55c805795c0231e9505e61622cf71f67897efbf4fd7b5254609b6f5b89d476b238c1a32c2250e5a15da6523866c63382476e2b4b46b95b5b6fb2ead6f346c5b3be65cc673c8e4f426a4176ba54abb60ba795c2898bc3f781e030c67827b5334fd6a2b8deb244d72e19800eb9017d33ce73e869a518b4d09ddee3ef2e5adede6b19246bf3217578b6956850e48258fa573d73706585a7898412ce009238240aa4a0e4b291d4919eb569eee3598fd9beeb3ef0246fbab8c92a48e00c63bd63ddddc6f3c8e09d8dc46d228dc01eb903bd7355c4ab34b5358d277bb36e1d427796213c90b41bc80212cabc646401d4823359d00826b9589e6f2e279034ed212039073dbb9f4aa4f72413146cc1093bd718dc7a01814e9c091895408a7bb9c904724f1eb5c92ace4d5cdd534b628dfcd10bb95a2852385890075381d393cd769e1bd4aca282c925b8685e28ca85008497760824d7073ed6540f9c13fc8d6ad94c14240ce421c80e493b474c002b7551c5dd1a558a7048ebf5d8c6a774d6c2f191142a94327ee831e4120750474a8a4f0c5bc6f6e6e656646f906e203cac7a051d866a888e3b38f75b5cdbdee63f2dda35da6100e7f76a71962339356344d3eef502b76d76e5b18396c9009008c64f38dd5d51f7f568e1f8761fa7e95a7c3753246d1cf71382614539308ee707818f941cf5aabaec765611b3dc5ab49a9ce4637484aa818dc5323807e6cfa5751a769b67a597f2911656505dc90091c03f41914dba5d2afbcd32cf0b15054b890064c8c654d6ad2b589bdddd9e664c914b13402e02b01f3e0e32dc12a38e3b035a063d35e2925b7b799823290a18b3381c371c118ea0f35b7e20d2a7482dade0189646c0b80e42ca00c0de0fdd3d8638353bf8507d974e3a7dc0b5b984026e1490791927031939ac553b5f4b9a39269339bb8bf17d1a69365a7436aea7648724c8c01e4312011ef5b7ab6896f63a52dc4ede75c2b812342a0e09ef8e8718aa9e1cd363b4d685bea76e8f90c81faab303c939abd77a9c7a349269c935addd93a9cc66425a11dc31193802ae29455d92ef7b2d8a5a86a9a65c5bc2b1d919fc88b6aabb6c5e7ba81cf5aa9b6e74536f792d9cbe51255c636c7bbaa8524138c517dab3941636512daee1cb431f96724f03272718eb9c73592f11b49d47962497702839da48ea0e719e7f0a89357bf51c60dab32fdd6b4baa6a514d205862f2c24ea7eec9b4ee008380793815b7a6c1697335e6ae2182cad6d2358630ac0a090f2cf9ee00381581750cf0e9115dc973624c5318fc848c1642c1810df4ad4d0f40b89ee0c3a969f70b668140413150ac46779f534e176ecf529a495d16fec316aba8c5a94b6a4699e700824cefb80c7976f4407a0ef5b5ace990ceb14091a24b2b80a54600c756207040153ead776d6d633bcb327ee80014c83736083d09cf2699a7ddcb7082fda384452e046649806118ee060f24f26b6564c86db45bd2ed85a59476c2492411657e7c6e1df1c55caa22fa292e365aedb86c104ab80a08e993fe19a985b99087b82243d907dc5fc0f53ee6a891ab2c52ca5e18fcf954637ae3001ed935977934cf6f2ccf6f205076c76f0290d260672d8e71ec2b647133376e10fe3d291a2737b14c180558d918772490451e808e734db2d4efa44b8bf9a7b7b6c308e00c438278258f6f615b9a7e991d8b3b24d71217001f3242c38ee01e957880d8cd1414ddc28a2968109452d1400514514141451450025252d14c04a28a2800a28a2818668cd28563fc34e11b138a5742b3194a013daad25a3a80e451e448d9ed53ce8b516550b53c7215e1454c962c48dc71572ded0ef0047f43512a9148b8c1dc65b87032ff0080ab089935656c989f735721b348d7d4d71cab2474c693282da67934925a93f2a8ad808051b17d2b2f6cee6bec958c07d3e53dfe5ac6f14e9bff0014e6a18072b16f27e841aedca0eb59daf44b2e89a8478fbd6f20fd0d52c449e811a4934cf02913a8acdba05642d9c722b4e4aceb8241076e4e2a20da66d32320e7834831f30cf4e94f34c550d230c7240cd688cc9a21cf07d0d7a3dadc5c6bd1c5a55a6a171aa6678e4fb44969e50b35439249e32c7a0af3a853aa8e8457d17e1f713e8961375df6f19fc714e553956c0e37772c476ff3127d6ac84029f495cae4d94a290b8a28a2914145145007cd71a06e0e594f0319c0278a8ee2d66b690a4f032b03c2b8c7bf35aba9e8575a5cad981a6590810ba138ebd1810326a2980b85896391a34c04fdf32aa9600125beac7826badd2705a9c4a57d8cd3f228ce7919f41934c857737cf288d49e4e327e800ea4d69bd9a62396d2e834b249e5889c61b68192cdc9c0cf1ef549ac668223771ee68964f2c4a7032d8ce00c93532834b51a6990b025f6be63f941f7fa8ec2a4404aa0624f5a9e5b78c446592e809f03621520127a824f4c52280a146070315117a9ac16a3b34da5a28371298d8dd4fa639ea7da947714b6226919394ce41e30335645b186292692456e32814125c938efd08a8e09150b1791630415c9ef9ec3eb5234de75cf0c638892045c023b01c7007d295492bd8c2571fa7dc9815c6c60e50c6495c9c1ea39a94c8ccd98c346cdd509c923d2aa9764c95663b8e395007e1534684a1d8625ebc904b13ef8a9f326c5d8611324c44a21754dc03b11bb1d47d71d05466e23fddaa458c02af825813ea07515198e45f90caaca400493cf3d454b0219362091ba1385c0181dbd734eead662b3b92c134733ae595548d9cf45c7bfbd5988408be6c85cc4006280edc9cf439ce2a28ecdfe578cc65248cfcfd40c8ceccff78e2a6b2d35833348a66b7daa0aa48036493c0278e08e9c1356a8396c4b925b9132aaec662c3767078e33d39f5f5a6c7e63ab88e3cec1b9ce785f43ee05370e43c459063277ccbb4ae011b4fd695e3915950c5961860411f3823a7a7d2b0e46b729b1cf23c884a8cca993951f7fe94a92184c8555776307fbc33d714c6ba5806c863ddbbe5dc793c76cd41109cdea85d9b9b18c90793eb4b5b58f7f0f1b535194b56ba0f490c8a5e6c1553c00707938000a2e37485232537c8773b6002060f00d2c932f9e1248d219633b24c2e377e1d0d44f979228d4b168f24e7f8549e319a505ad8f12a4529349dc914c4b2c81d7e600809839cfb63dbbd4d98fcddbf30de4615065718e84d37cb195030570589001273d467f9fa547bf6aa98d98b01ec4003b566ecd998abba4666911d4444001c13b8839c8231c0a79b8977b6efba40c63a8f7144c5ae4ac6148df824139033f4eb5131781c2c250aaf47ce594f7c11df9e287ae8c1590b24c44bb17071ce33d33c53edeea58dd59331caa770703078ee08f4aabf7159d48da08ceefe263fe14acfe76d663216ee133b47b0fa552496c0d1625be6784c734aceadd771ddc77c77008a897cb66588c9c027660f5047afe955b2c58953c29ea06401c60735344632bf311e6852304119039c63814a57dc943da3503ccdeecc4803e6e547a5412131a15767f3b764264743cf51d4e6a479109f9d9f6ec38c7dee473d79cd57922c63610aa704107f0c64d4c53d994481d191b76632d825b8038f7355bcb56611c40ee048dc4100e7dbae4d4eb6a72543216e70720fb11914b3c82269998156e00880c13fe24d5c5a4ec82d71896de5451813a02dce1080460e304d4d0a224825c0dc0fc839200cfbf53507db58ed0624200c946e0027b71da98d2b14319881ce5791b981ed81434db02e4f765d995152463f2e7f8b1d87b516c6552c4c5088107de619039fe126aa4714de58550b8500b8241357e51279ebf308d18655978504743ea6a2c93b036c49366152494c832081c06fa0f5f7c544f1c72c454058d50961f361581a6891a6211172add557e6ce3d38a7a8741e53679f9c26de093c73df031c0a7cb6574c91b130f34609dfe5e4b329c281d0f15661920912e51edd5e594023048684e324a93c0f73502332dc2ca24f2e2076139c1008c1079ce0d6aadb49a8d93496b69bca80bbd3a820752490391c62b7a6afaadc536b6664614c6103323818f9b1c91c7355ed4149d18ec9a26215d14b160a4f23be29d0491bb32cd1b7dc2c481939009fc8f7ab16973785a6b850f82843ba80372823d31570d1d9a25dd9a4a971a4eab770432cd1a9388f60fde364e57a0e7ad2a68f751cd1b85b88e594b2c48ec0ed906092338ce40f948a8b4a373a96ab1dd652674914c8d923c90a46093ea45426eae23ba4bcba99d998b4f1429210411d307b0e7b7a62bae2972ddad2e63d6cb735b4eb68e34d425bf8a26ba9f31bc3f798124f41fde27a015a9a0c2f04b2d9dcdbc9e721562ed1ed5de170769ee00e86b01756bdbed621bcd3ad419d2d8c63386e402598670071536b3e23905cd9cb6d71208845b0af0712670ff005cd5aab18ad01c5b7a9b3ab35cdbdd996ca1b6659815deb1a990c80600e7b86acf6d416672bac4d0b20050dba7df47e808c719aab6f0dd6ab776125cc9025bcb944dac1766dcb004020e79e2a86af67359bf9505bc9948c3dc830f2ac41e41c9041a99ca4d5d02493b32292f5a356b28d9e18a36771b490724e413ea3157878a2fada20924c9336d1f7941001f6ac4beb89dc8f3c61d0743904671c367b8c566b1911b24aae0e47e15c8a752eeccdbd9a68df8f5a98de35d485a4948c823d47b0ec3d2af5a7896e2c6e26962b78c87e7c9db850339e00ef5c909190a90a4f2720f707b54b04d97292978d870580cf4a4dcd6a98b956c6b497eaf0c63ca25c6fc166c058c9ced51e80f359ce8aed1e3036f24edee7daa731bde2c92441c9863dce1481853c1350112146c7ca14f008e0e6b3777ab29596c34a046ff00578751ca9ea6a4bb9e10b1ed4685b032bd9881d8fad2a97f2d4311bba838e493c139151dc82d6c227c9dfd0107231cd252b3d8d22d5cacfe5056664593ca93f03df9abba4ed9dd07f7dce49c10077383c138acd120877a8f982104b9e413d3a1abd6525be17cd88ed187c29c0ce3b9c1c574c95d685d55681d469565637f7b6a8e232d182b88d865c039058753d304d766f1472001a352a3a71d3e95c4691aa595ac0e3622a261e470c77c98e405cf43f8f35d2693a935da0967f2fe62593cb2498c1ecfee057a1464b9523caa97b997e20d3a249f7c1633dc31cc929795844b81d492473582b0c71dcaacbe74ccb9025dc53c93c918039c13d09af459479b032a11f3a9c370473d0d51b06b7b74c18a6171c877920c48de99c67200e33d2a9c137708bb2321669d908bb9d2de09810257bade8c0f38657cf3573486934f58ade6be4bdb5b827ecf743901cf58c904f5ea0d52bbd3db539bed5259194ab878115422c808ce6424938ab7716127d99aca2d3a282de4cac890c84b0523390320120d508d1d46cec6e23696fa38ca4437167ced503a13f4ed5e69a8c9652dcb4b0a4a8d93e5bf03cee4e59bd0fb0aee6093edb0cf69a8c467bab51909321513478c09707b9e86b9e7d3e7d4de7b885576228d8f1a9112639210800311f373d056751392b2348349ea50d23ede88c34a0819c9f31a603721231919fd3bd49159e936b2cb0dc3cff68711aa5c6e1b909e4b6d35ab37856e61b94960ba8ad95486286e188007a10073ef59bac5a4ba95dc663994a280e8d70c70ab8fa0c8ef922928da3aad41c9b7a3b05b68b345e27b3b6430dfb5b462e65d981c03d09ee735bfabf89a58aedad6dc240518acd2c9f3321ec40ee0d717a65ccf1de492db61659370df0c7d0019c81c56cf87b404d527927bad4241e602e11080d276cd116dad0724af6627f6bc9aadaad8f916ea9249c9870b2ce41e09cf0bcf27b9ab5a25fac3a9cb6d1e9f0b36e21d4267cadbc11c8c8e6b66cb45d2b4bd5ed4daae1b0eb8c8215b8209c9ce6aeea1a3e992b25cc96a8b2458f9d095200f71e9d6b449f5336d7426bab779a489dc60465484ce429cf6c77f7abd460f739f7a2ac081236e4f7f30b1f718c54f4518a6014518a2800a28a2800a28a290c28a76d38cd045171ea368a5c1a5119345ca1b460d4c918a7ac7ce00a9721a8b2b6da08ab861c75535325948c80953cf4149d48adca54db33bcb34f484b300149cd6e5a690b80d30c9cf02b445b469d1726b9e78a4b446b1c337ab39f8ec9f00b53d6db6b70b9c77ade1681b96a905b46063158bc49b2a060bb48d855439f6153436d21193fcab6d6344fbaa0504aa29662028e4927000acde23a245aa3d5b28c16649cb8aba912af415ccdfcd757b77f6bd2a7bd68212627303a3239ef804f51dcd57b7d7e4b5b8860d456ed278dd9c799806604b00300018159c9b91ac6291d96298ee110bb10aa06493dab165d7948804104a44e4ec6c01bc0e32bc9c1ce3008e45511acff69bde416e662006114e728a1c1036903df904f38a8b32ae8d78b51966bb10476fb90b30f3378c6d18c9e3d49e2af5cca2188c841207a103f535c1ff006a595c3c42731470cb99088e601e224e72a47d33834c7f10c979791417389edd9f3b90380e318e00c1c669f2ea0da3acb4bebb9efda292d244b7c1224642b820e304e483d2a4b9bbb766fb379d19965560101c93d41c5642d86a5acc0d6f303a7e9db8fc8326595727863935b7a5e8d67a5c11c504632831bdb9269dd225a6f63c0a5050b29ec71f95519fa835b9e22b716fac5f400e025c3803fe046b1a6039fa8a69ea6b32bd3bb8c0a00ebcd21008f5e6b532268b1bebdf3c0d279be14d358f5116dfa6091fd2bc0a218e73d2bdbbe193eff0ac43ba4aebf91ffebd454f84a89d6d1451588c29692968012969296803c3354f15db5ee950c7346cd7b049b92538c1c7afb9aceb5bb8f508a7fb4cb6eb77292e669a62830307680060127b9aebd3c376b69baf6d2eae6d51a3271e5acb1edeb8c3026b25b4a375e5c8f676578660c13cb46b7604f42c1011c8e4035eba85fa9e73925a231da6b58ed66b686548dcc8d21546262650b9017b939e2b3adae2e83aac436bbb150ec784cf1f41c77ad783c25a84cdbc69f1c68d9015e7f9b3ec322a94fe1cb8b485ae2f8490c4ae632400c430ed806b09d3b971924f7332627056420caa482d90d9f603b0ab441f309a863d3257dbb619594804330233dce08a9c0e59ab99c7959d14ecc2834a290f6a46c2542ff7ea7350272c1bde888a5b1297d808f2d1c311bd5972080738f6a6e150ba287196180c02e475ed9a59ade6681a7453e52b042c3d4f205280c616d8cf87219141ce39c0a89df639e4d5c7471bcafc46338008c81927d07527e95b11e9f6b25835c11246e84739daaea3872a08ea09c553b49a3b6bb531cafb5801209885c13c1008e40ce4120e48ad3bc9069fa824715da5d2db91204994e198804800f507b574538a4aecc64db76445751da24513432dc6e78c1064030a07a10054b058c73223dbe2433615c8237c6c0658a8381835b93eb3a65e5a4710b4499dd82085c65b1d802318393c557f0f3c4d3358c964b7091133a4ca0b071d0e73d456b1a716ee89e66b72c5d112ac56d269d1b1132b79b6e51639883dc1240f7eb587a8c53593ce8a258edc3b88c3651994f504742057537845b5ada3db4107d9d64e5f6f249383b40c64e2a1fed8fb7dd0b21a74734b1ca76a5c0e4281c920f00d6b38a6ac649b4ee714c5b7799cab01d477c7033ed4c590c4855a2fa13ced3e9ed5dfdd7866c6ea2dc913d9b329ca2364027d73915ca6ada45d6951c69752a48d3838319c2a81d8e715c8e8597737534ec8aeb68e88d219141c72a7e5241eebea307eb55ad1965990ca080ad8dea0863dce08ee2af5c598b448cc3f375728cc3e53ee0e38aa535da88b00a16fbdb067e7cf700771584d24f43db8d350a0d8b3191b7123fd5106562e0e73c03cd44f234533469f36e5507a6720e700f6a476fbdf31662a5b7678e7dbbd4301c98b81c0fccf5e6a62937768f26fa97ce40c468bb0824a9c8e3fc41a703b955446a540c1f988c13f5a81a77729cb6de3cc1df07a114dc327ef50e01ea187523801bd8d652880f6785e352d94084f418ef8fce94476ec4ed62a369c22aede01ea7d47150056d85669427521891d4d47248c5576170548c851919cf73438b7a226c4ee23f3494756518f958676fa9152ce2774589b6aa649df8c6e3e9c76aac669220aae84658b1278dc0d312655944813cbc9ec4b118a395a012592495d7764e7bb02a00f61d6a64854cab1b4990c7e7e768cf404e2944ece55594b16500ee039e7b6718a4963512b2f94198c872ac3ef0033818e82a64ecec877d444b6513bb9002c8c638fa925c0079a9249dde260913c6483c31e84715059c8a8e5bccca12c4ac98c6ef6f7f7a686fb2a31123c8ee4ac7081cb64673fe26a1a6dea3dc9331ac7bb0ef2ca8319c6e5c75dbeddb34f98a0f2a468c9646c860324123201cf507149e4b2c6cf30dce5402f9c2a01d428ec05460b4a15942c8ca4021b0a327f99a1ad6f70b22cc8104ac3854660ff00200d9c7049edc8a86e713445c644e8323e51f32f519e47e74d9ddb2a8635c80366588078e476c91eb51dac8ef0a23ccbfc40861bb83e87ea6aa2acae4b2a79f2c272593731e8572063daac0b859049ba46dc3be7823ae0548b04514c3cf26627e5248c7247be697ec529445448da001883905931d41ad62a2f544b95b41613298d658e326dc10c515954904e010320914b2bccf385ddf2e08f97b93ce315158279709de3ee1e477707900ff4abb3ec95b70648d98e4887239ebc0a895ae3d48a492de5b65281a356014ed6c9c9182707b0a75b5c490c52208f16f27ccea72cae4723818201a59597e6623e61fa9e4607b545e7960652e40c02006e87b8e7b7ad694a6d3b9328dd5857b786daed56e95e3755cbc5b88078f53c8cf6ad9fed692e226b5d3edededd6de39183c830c62c6e23db3b5411c9358d751cd7725c5c3cebbd40f9cc9b9a43d30093d31dea9dbcee6652c81a0889250ae5493c6481dcd74c2beaecb421d3bad4ea3487b668eee49ee83fee0200212a6204750474049201a6f8b6d51069a5e082d96e6258fce392b0903240c7240151693acb5d4bb6573069f1462395b6ee0a9d003907a9a49ae67ba76d4679524817106cb98d77648c17451e98c574a9271b1972b52b999ab5a5bd9c11345a91b9b862564f2c1f9703e50bebef4d8b4fb54ba30ea176210f1878e68fe61923393eddbd8d3eeaf8a5a358c13a4b16d01e5685774a41c8da4f207a0aada59b679d45ca4a51f8391f749e0100724d632942fa1a46f6bb2ce9d7d141340d790fdad212de5c4642064ff771c0e7926a7b8d7b51b997cd62c4951900ee565058f007619accb28e06ba549a42222e41dc71d3a67a56bb68335ae9ff006f4d42d9d0aa3c2be66d69467e603dc542736ad16538abdd98ef76e6632ef2cec3966e589c75aaf146266695a75848008520966e7047d71cf35b8740d4aead92e34fb5926b7380ed9556739201db920607079ab10f8471725aff00508ad2dc824a29124b9f4c0c8acd41a7e669cada39a408ed303164310033b102239ea4f7a92d2d967c209116419fbd9031ea7d00aeb61f0c696718fed2bc00e4048c46bf5c9cd5b1a7e996239b0d3a1f7bcb83237e44d69ece56b3d01c57467241a3b590a33c1344090655e5a50411c7d7b569c9e1cbb68d6e2284cd6df2e7ecf19665cf751c12056cb6bd696a311ea36f1fb59da0fe78154ee3c4f6add66d4e6fac823ff1a7ece3d5872be85ab6f084923426f39590b091c70225c64607726ab3787e7b59e60da72dd831140e265550e0f0ea091d476ec6b3a5f125b16f974f663eb35cb13fa62a13e238dbeee9569f8b3b5528c12b205077d4c7b8b336d69179f6b243280e096007999391efc549a34371a9cd3a5b047944618879153201c1e4d2eb1aa9bf48d1ada180213feac30ce7d7355348bb5d3ae5644863b83b4a6c981c73dce28714f73669b563a9b4f0cb4771bae95644c808f0dcc61901eac39ea0d6dae857f1855b7b9b69d80ff8f8601181ed9eb9ae5bfe1248b3f3e8f65f848e2a45d7f4e63f3e94ebef1dd7f88ad6328c5591cb2a2db3d16daca48ada289d8908a1709903f3a93cb540542851e8062bcf63d734c072a754b7f75656fe58abd0788a21811788654f6b984e3fad6aaaaee64f0eced02000000000600143a065c3004573b06b97ee079577a55e7d1829fd71567fb6ef2219b9d2250bdde324ad691a89912a2d0df1369de7da25e4711b896c98c82193913467efa7e2064558b806fd2cce9f3c696f321933e58219000471ec48a483c49a6c8c15a49206f4913fc3354f498fecbad0b6b32b369b2892585e36c8849c16888ec091914ef6172b6b536604556647550f8009c0f9c01d78ac2f1acd05a698fb234379741608c000b119ae9248c4836b03907208e083ea2b94543adf8d773046b6d1d705c0e1e5278a1eaac4c16b77d0d1d0b424b2d162b69e358eeb1991d386524e70185334cf0c41a55fadcdbdccc573928c7183ea08fd456f526e1bd933f300188f63903f953e542e6bb326db4a686f62b8255d50c9c1eaa0e08208ee48e45694f1ef8d97fbc3152d154490db82b0a2924a80304f5fc6a4a5c514c62518a5a29009453b1462818da5c52e29c051701a053954934e029cb1b31f9454b762d217180013c534804e00ab715a17396356e1b0f986d1f5358baaa3b9b469b66479649ab51da3951c56c45a78072455a5b603a002b1962574368d07d4c78ac18b8e2b420d3e341d3271d6af246ab4f15cd3ad27b1d11a2a254163192370045585455c600a7e28cd64e4dee68a296c1452d148a128a5a4a002a0b9b78aea331ccbbe33d50f43f51dc558a28039bd67c3a6e2279acaeae6dee86597c97d8a4f7e077ac49b46f144fa598679a2bb85c86786e0e64c0ec1bb66bbfa29dd81e1b7316a165a9b248654963c00cea48c8e300f71f5ab361b9a1b52b753c72acb831247b5a2c0c86dc4819ec01e82bd9258d1d0878c3e411820723d39ae2f56d2925b4bab94b59a09e35dfe5dc7cca5579e0f23033c034d59b27955ce3e7b7b0125b4f35dfda04a01921b725e5ce39249e0127b55fd386acb731dbe9514c090d1e6640b22a1208dc4e700575da7787a36b38e00ce801121ba8ced90b72360047000e2b7ac74cb2b024dadb47133001980e4e3d4d1749dc2da99ba6e8335b4b1dcdc6a97735c86cb65ced238e08adfac7d4b5e82c56290c13c91be7e64518041c60e7a7353e937f3dfc6d2cb6535a479011661b5cfa923b52777ab19e43e3d87c9f145fae3ab87fcc035cbdc03dbb75aeebe264017c4b2363fd6428df9715c3cc402c3d73fa55477349742b601079a6e3098eea0549d4e285da4123bf19ad5332161c95e0d7b0fc26977e8b751139f2e7cfe6a2bc7adc90cd5ea5f07e7046a308ee11ff5614a7f0b1c4f49a2968ac06252d14500252d1450071ab3013b43e5b10aa30c32c0fa83e87ebd6b39e36b21e5c0cb1a03bcbbc796209e73d01f6a5d3f5dd36ea716f1caa250b9f9410a7d87bd626b97f036a0b2c0cb9ffae9b949e99207603debd5524b56795caef62632437321951cef1944458c05623a9e3a914cb4bb7915c4cb6cd144d98cb81f393c0dd8e3248a7c9a55a43179ad2a33121c959b1b58f24fb0fba39eb505f5daa4b125a47142db4f98f6fb655753ce0a9c0f7cd53925adc76b921b065336c9a1f29164b80873927ebea3dab8ae760fa57766f6c62f0d5dca919865585908c93c9381d4f7ce6b81ce40c57357b5ae8e9c3a69b168e38a434dee79ae53a8576e2a18463029662761c52c5dcd54452d59621b96841fb8cb91947fe307b542a91c97bbeda648c000a21c8087d39ec3b9a949dd68d034aaaace18a900e4f414d86c62219e5bbfdd2839758c9f9f1903039c678cd65bb69184b464f6b74d6b0dc4440fde009d88183d71de8b791639fe51860414da48c9ce47e554d64c0ea368e871ed52ac9b5a352100c9c3919f6c9aa4dec4591a09233bb4f1288dc664d8b93b00e73cf61562d352bd698c89262524e1f002a13c6474039359c9308942058dfcb3924e3e7191c7b8aba6fae0dcc52c92ed5da1b7c20152402406e83927915a5396a9dec4ca2faa3ab8fc410246b15cc33c2f1102288afcee718c927a1c9e2b78d8590916ea5b787cd521ccae01607d4935c35ef894dc997cb8a0595b223b8f2c06ce707939a99a4ba16115c1d4225bb281238848033443a67debb39d3d99872bdcea753d6a2d3ee6de3910b45202c5c7a7b76358b7faf26a7035b476f0cd13641dc33ea0119e9598f21bdd4e28daeae19258cfda7728c803960b8e066aa585e4709b9b79a449d8284b771819e7a13e9ce4d652a8dfc2cd69423ce94b6eb62feaec753bd060804b298f2521cfcf81c934ed2743b9beb09a44920201e216c865907b8190476a65a7da2c44d7b672a2f961493d7209c71d4119abb67e229e3b089088a49cb1772d90cc33ea31cd671e47acb73dcaeea7b270a4ae91cc3a4d68e63980e0ef01fa02783f81fd0d57883679db1904a81f4aeab59856fb6fd9f4f963bb2be607f998819c608e873dcd72681b12b11b4e73b481c11535124db478f177d5ee39dbce8a38fcc75527b9ff005a077fafa0a1c80acae4b3eec9058fd0f3cf3eb51c63ce93039fc70464f3f8d39cc43ce75fba8b90a7f2fc715ccd85eec90a4625024605b0493c13827803d2a2b88d97952fc0e158fe6453200d190af81c0e07241e80d39d5c8ea50c4791bf073e9cd4dddf70b90193e6708cc1880dd77123fc454d2865507ce660b824743cfa7a8a85ca2290d1865393cf201ee4530bb4e445e680500098e2b4b5f541a932b993e691f1ea58e579f53523193ed202ba48b8003312474f4355643e62ec6c8c6071fcf8ef51c13b5bcc51d9b60619c1e307a707deb371ba02f412175568fe47507247eb8078a7a6e27cf264372405dd82df506ab3c8a09590aed3dfa119a8e5bc62cb8639e842f01474a8716f619a0660c3b988920fa80380707ad3258e4981672de7001b03b8cf27deb3a53f3296277003df8f5ab76f34636ef97b8193c8c1f5a5cad3ba0d888dcf9ab22b19494180539dd839efd87a54a42c4165c10320aa8c1c8fc69f227dbbe50ec150021900c6452401a38e2128625b3bdfa80a7800537249684b1c92487cc7408883e6da38c7a54b1dc6643bc132b80e519b2791d2a948762bc4c55995800cbc161e83daa58ed67620c88b1820803d0fd3fc68b2b5c7665b98c8df2485768e32dcf3e808ce714bb94932ae370e79e0b1e995183d2a20a22660932840368651c9e3a7a9a32de534b839e0ec078c7723342d18b626b325aed04b388c633bce4a903a85a8eea658e5b9b6d882dc6ef31e119673d0ed27b1f43559d1a59142360f1854f98e4f248c5384a4403cb1e6150c70720b30041cf7cd6a9b495909bd6ec9a3b4096ef72f2a7953ae62584e58918015b38c03ea78aa9e5bc0b36f765392b2ed3b95893c0f71914e64b7f26d88b8915708044b1ee2fc649539ed85c8f7a2699bcb0c13ecc8086cf5624038c1278ad9a5a35a095cbda8dc9b185a1b3976dbdc4484a46c41723bb67273ed58cd3799ca83c0efc6050b1e5c3842090762e32d83dcfb9adcb4f0b5f5caf9d7d22584479432025d87b2d5b6e4ec86a09231d1084127988149db9279ce32381ce0f635a165a2eaf74c5174f257a3bb101573ea49c03edd6badb5d174eb155b916abf2e08b9d41b818eea9d2a0d4bc496099f9e6d4651dd8ec887d050e9a4b51c63ae85683c356b987cfbb79ae179912cd4904fd4f03dc815b121b5d3e0891e1d3ec962e51a60b24b9ee7eb5cbddebdaa5cc5f2ba59db1e813112fe67935904c64ee6692727bafca09fa9e4fe54d494568bef2f97b9d5def892c07592eef987a9f2d2b35bc477d2022c2ca0857fbc91ee3f89358d233478d891c7e842ee6fae5b3fa0a8a559e788c92e48500967937119381804d2752fa5fee0ba5a976ef52bfb9245cea64f7dbe696fd13355d6d8c819923b8900e4b08c228fc49a8096ca8e9c8217a123d7152d9dc3a5d27963050868c64839ec47bd66a7ad912ea596881a09044651026c0db373c8cdcfa718e696d221733794248637652631e4a9dc7b0c927afad4b24863819b742cc180911b1f31270081dc807a8e9535c03771db1f29d6e9100caaf0e074380386c0e9deb5574ccdd56ce85bc37a758c517f696b33c6ef187288ea833dc0c0e455db4f0be877b0acb05edf5ca1ee2ecd72fab899aed5aea68834b089232b3168981e4ed3d89f435d1787f58b6b4b1582d2dcdd4ac824916d632769200cb64819aea8b5b58c6539a576ce43c6ba01d1f518d22bb79ade642eaaed968fd8d65f87eda1b8d62da2b877f2b713232b6d3803b1edf5af4bd7f45b0d58db5d5cdb186f6561013276cab0048048e0d6068514166a933450476c6616f7aa615636f28e15f27a21fd0d1c9adcd956bc34dce822f086933461a2bad497201e2e73d6a09fc096ae084d4ef87fbe11eba611ee401242194651ce3233d72076a5b799a488164db2e4a3a7a11d7f0ee2af95187b69f738a9fe1fb9e61d4a13ed25b01fa8359b71e03d653fd5359cdfeeca57f422bd328e693a4994b113478fddf85f5cb5c993499d87aa28907e6a4d508efefb4d930b2dd5ab8ec1997f435ee39a64f1a4e85268d2643d55d430fc8d43a3d8b589ee8f218bc57a8702e4dbddafa5cc20b7e7d6aec5ade9133033d84f68dfdfb493728f7c1e6bb5bdf07e857792fa7ac2dfdeb7631d71ba9783ed63d6a0d374cd4c1965126f13e3f7254060091ea2a79671d9971a909efb9b161aacad81a6eb90dc7a4377f237d39a9b4abb8fc3f13c13e993c0b348647943170c4fb9ea2b815d335193ed0d6f01bd8addb6c8f6ea5954d3ec35dbeb02521ba96351c189be65fa1069aab25ab439524d687acdb6ab63743315c296fee9e1bf2ab29190cd238c3be323d00e82bccadf5bb095152f34f09b40026b36c11f553c1adcd3af2e102b693aa25da1207d9e51b5b9ed83fd0d6d1ab17d4e79506b63b4a2b06d7c4d0eff00275081ed251c138257fc4568f9e6f726cef1238907cefe4eecfb824e315adce769adc75c6a16b6f3ac12c855d88503cb24027a0240c0cd4d34f1c31caec777940b3aa904f1ec48ae2355d4750935597ec57b1bca9b808ad212d2346075248c1358179737772ead729fbb4ce223205e7d8026b29546b4486a2dab9e8ba6ea827b67bdb99a28eddc068c120051cf19ee40eb57edeeed6e4e2deea09bda39037f2af31d2b515b3b98a2ba9258ecdcb6e8123decbd8a8c9e0f1cd779a6df3ac711b1f0c1b4b59880924ceb086cf42700d0aa69a96a9b66d629c057297fe22d4adf560af6412daddcc73a4244bbcfa82704d6cb78934c82291ae4ca9329245bac6cd26074240e947b5452a4ef6350466a5480b10053bc3f3aeaf0b49f64961553f21660438ec723a1f6ae820b18a3c1c64d632c4a5b1b430ed99b6fa716c1c715792c957b5680403b52802b9255e4ceb8d148ad1db20e7153aa05e829d4564e4dee6aa290714b494b48a0a28a2800a28a2800a28a2800a4ac9d66d6fa5412d9dc9568c64444855660720b372703d2b90bad4b584788ceb25d2894ca9358bb60310408c1c608e0e4534ae07a351581a2f8a74ed5408c4a22b9180d149f2907d067ad6e8607a303df83da934d6e03a8a28a000565ebc89fd917d21015feccea1fb8041e2b52b07c576b6f79a2dc9924c35b2b4a0861c30538073eb42dc10dbdf1269da52ac6fbe408832620180181ef5c7ddf8a358d66ebc9b4616f17611e41c7a93576cb47d26deedb204c918505df08430524a807afa9a7d9eaa9771496d247a746d0c6caaca07cec5480a9d01cd5dafb12eecc5b433c5235d3ce97db2210856076a023b81d87a7ad6ae8fac416970b24f32965202428a64b871ead9ce140e8739c554bcb692eb75d2cde5c51907a6e8e307380d8fbc46703b835a76161a469d166dd24bed40c823c5e02b27209006718cd16560d4c9f89cc25d4ece650406b6e03020fde35e7d711866e9c825bf3aee3e20cf2cd7f6cd2ee122c6c920272a181c1dbed5c4cd9dc58703209a49d99ab69a467824007de9f1962cdbb1ec69b8c1e471934b90b935b9822c460e78c6daf40f84d2edd6ee23ecf6ec7f2615e7c9906baff00875782dbc471165250c6e091d862a774d168f5cbfd420d396369f704770a1b1c0cf726ad236f456208dc01c1ea33dab9cd5b5db5781e3578a6b7947caca72518738607d71c55cb9d45afeece9d639e31f689c1c7960f61ee7b563663b9b7585771deff006cc3025c27d8dd59cc4c87248e0827d0eeaddac29ec7507d66d6e1ef94c08ce02ac201008ce3273d40eb4901b600000030053a8a2803c1e4834e30c31465195b05e56639049c10077150b892da360c44716e249057200e99192466a4d7ae60b9b8555b5b6b482204048febc96c11cd674b3c522282200002a5cb007ea31d6b6a8f5b5ce68bd2e8df7bdb64ca8817f7a010cd1ee45240e71c60926a759ade0413a2234a4ae44d8655241049c007dc63a57331dd1918f96c4ca4854f909e072319a8ff007d1bb4b2873b4f20b70d83d091c54fb4989c56c6ade5fc779a7cab34ecc546d8502f72464939ac5cd31de5665c80a08e4023bf39c51c6faae66d6a6b08a4b424ea69b4a051506835feed22f0a4d2b8c8a338515484f7016d3c9245b0656625501e8587d71c0cd5ebcb1fb35b4b124c279d07992bc630a88470493d0d46eb25b40b8c472ce14c6dc06e7a119ab3672fd8a6644f36177c8daa770040e49007208f4aa5149eab56724e4efa12e89043716c2c9ad406126eb8b89233b931c01924000e7bd67dcc7141232c67cc456206470403c1ab77f75710dc8b97904e570d963957c700b7ae07ad5442d7572811879b3867201195c9c648f5f6a736a6924b625269dd91ac68c5830e9d08c751d33f5f5a870e2753e5ed66231180c718ee71fd2b51ed5638258d93ecd751c80794d9c383818c9e84531ae1bec6b1bca59900f2d831578f3d40cf6f515518a5b8dbd459eca412f93246669700965e461802300557732c4370663e590a0f5dc3d2ba3b3d6a2d3219504315ddc4a30666276b1038c03cf00e3155357d55aed80b48b32ca8cf70863fbcd8e7d7e500554a9c52ba64733dac6682642cc58310adc02473db2463a558b7905cdec4ca90c252358ca023731031bb9ee7bd41a7432dc33431c277c0ad23fd0751c75cd6aa69573630497777688adf2889f82dc8241e3b60573f2cd2765a1d3868a9d58a6ec3e19e24568a4521548385c7209e700f04d543fe8910b885597cb2082704023ebdbda8f31494dac4a81dfd4f26a85e08d994c4fb94fcc548e149192a2b294ac8f731928d18bb2d597e3d576bc0d04a578202862b8aa93cab7170d322e1cb17d98c0c9f61555d6055e142b2e78248c1ab1682df1b6e3779457878f24a92783f81a71936ad73e79d93b91090b2b2c67cc9439f2d8e00cf5248a89d0bca908c61406de791923d2ada5a4688cdf6a69155df0fb71bc06c02bfd6a9479552a0347b9c9e9c804d4b4d3112b60310439954721b39e3d48e9504e85914a3796dd3f5c7ad59b692587cc07011c6d90b7008ebfa53de381ca0b78c46a072cc4e58f7249ce33e828d12bdc1b6ccc92dcabb65c723ac8083f85466270ff282de59cfc86b52e9dde1080295503a76fcea9793b62665ff005bc9e324e3d29a9df72958a90b30dc995073c9ea3e98a9d22f35f319500e4719ce3de98632ceae0853800657e627d08a58f084c73311b864edf9b8269b6ba0edd8893cd799900ddb4ed38e70695954b379446d504be587247a7ad10bb25ccc01c609c956c3607a1a98067c2f220c770013df8353295983b5c7b5a155df6e646121c863191914b1412ba060c412703119205385cb422354fba0820161f7476a9a49d7cb4331dc72719385407b63ae79c66b3727716a16f1e122452a0375382460f4cd066807fad058ae139240c8e3271fc350b132c7f295da4f129ea48ebb476a72811a6c316d6d80927a37af5a2c9eac2fa12c72084b319047c603c601f2f3d947a511a93891a669b00924ae393d08f4aac842c6c1e390b004100fcbec69d17992205605578c8ce3afa553d04db63dcc7144ae4b189477f4cf39a9a2984454a2b06604489c9041e0e45441e378cabe57a0dec369f7c76c5429bd1cfcce50670ffd07bd38ec16ee5b326e8e4884503110940c572d80739523b8a65c4db329246cd2824039c649e99f715110c63ca11ec80f24d5bd2f49bdd6672f6a144511fde5c49c4687dcf73ec2b48ddd90d46fa95c243696aa1c93704004eece70720003a0ad9b3f0ddddd88eeb5190d85b758d1b9908f50bd6b7f4ad26c7498dae202ace3efdfdd0c283fec2d52bff124514a574e56b8b863ff001f130cb13fec8ad634d4759bd4a5b9a96905b6896a5a2616513124dc5c1dd2b93dc0ed59177e268e390a6996c5e563feba61b9dbdc0ac1b8925b9b866bb9649ae3ba2b0661fef13c2d543760aba83b10a9f923257271c649e48ab6ddacb4426d2dcb57d7535ccc5efeedde5ee80ef61f5e703f1355bcf48f6b2858532017e1dd73d0927819f6159f04b2175477f97270bb70aa7a7415a915dd859da49ba0967bb3f2885f6f9447505b1c903b0a495dd897376d114659e547632ab197a1c925c647726a174770a779dd9c9e73571af8072ef1a99df19978007a2a0ec07e66a1f3259a5590b877270370e091cf22b39349e826fb86582a86e0919fcfd29aa4b642a85c9033e8475029243348d18002b39c0f727ebd2854936857241600f23f2152a3a5c4da44e824daccc371e417ea00e80e6b46c26b109225ec29c912c33229dc1c7f00038c1ee0d67a5e4b2b6e998c68f8424601c03918031807143ced04c65b76c488c48748c0fa1c1e475ad29d93bb25dde87436faae976f697252d2437374fc3cca19540ec327a562cba85c3284090c3c970eb1847c1f5200e2a18196f5e31717010640dcc493c9e4ff005c56b45e16bbd413ed76ec8904d1b491a05c338518181d067b57472b92b89b49ea638b9b9811ad85c491a3b2c8616c81bc746f6356acf55b98ae5646ba9eda25c1616ca00001ce769c0e0f6aaa639a6836a2ca64442ec1979ce7076903a0ee6a28a02e5e5b6460d1e4be7a0cf71492927643b45ad4eaeebc5724af1c70dc4571b24460ed098f7107209e4fe3505bdf4179aec8d75b560d4d3c8b8f2810a18f00f358d0dbdbdc05591fecb999819557e44047f12f515d1ae9576fa55cd818eda675506310c8bb880490eb8ebe84100fa1ada2e57bdccdc546c6d78526962b49eceea4df75a7b9b674e036d04956c9ea083566f359834d9ef1ee62955944659319c6723a8f651935c469cc75ad4a4134c12e844842c833e748995dbce30480b5b5a5c9a9c5a8c6b248d6b15c465619a4456572a0109c0c01f2b5689dc8946cceaacef85f5825d88a6855f808c3e63e98fad5e507033d71cd65e8726a13c4cfa9db793708405e720823a8f735a94cc85a434519a6015c2f8f249750d6b4dd26c9b178a1b27380a1c7393e800c9aed6691638e49256db122963f40326bcf3c3d7731bebdd70c5e75c5cbba428325820e58a81d40f9454bdec6b4bddbb3aaf0d41a7e99a6b436ece62898932b038918000b0f5c9a7eaba7e95771b5c6b705b8caf01f01907d46096ac7d3ed3566d4a217f2ddf9524ccc22898622272c32ded9ec2ba9b7b5b58199a28503e7973cb123d49c9345afa325cda774cf3ab8f0be957714971a45ede5bbaf3e4dc5b3b67e840ae727b6d474f66f3a0942ff007b6b0fe6057b15eead6f633849d2ec96c00f1dbb3afb0c806b95d6b5cd02f2f61795efafe2452a228d9a308c7920938ce6b29c11b42b4b6673563e269ca2c374a979001809372cbfeeb7515af6725b5c86fecdbc7b7790157b59db0ae0f607a1ae66ec5a5d5f48a0476b164e083b994760481826a3fb25f5b45f68304ed6f8c873191c7afd2b35294754cded19e8cea5f741fe8f3196c9d486d80603f0460be370ebc67229b258dc5adac532c56d0599653b236f96465e72e072411ef599a6f8864112c172ab756e3f824eabfee9ea2b6ac824ea5f489fcccf2f69370c7d863008ad14d4bc999ca935e68a2ba6bcba6c3a9a4c91abce70c232aa79c1c9008fc4d1ac6bfabdc4515ab5c5c46de4fef024a41c13d19400381d71566eafaf678d6d9561114449fb39055bae48079ce49f4e2a0823bbb4bdb749eda39ee258f63db2e774b186c8da46704e2a24dc5ea54629ad3728e971dba4f237992c2c54187ee12ec0e085c83d6bd1bc33e23d2ad638a3b7b8b9572427d89ad6342cd8c64be0019f735c230d19f5267ba33c96123170239879b0b13dc81cf1c1aec6da5d116d6ded659ae91d131be3999778ea18000922b09b4cd61a1e8fa7ee7b6477b6fb339ce62c838e7d455caa3a64f14b6303c4ecf114186639240e39aba0e7b1ac1a773a22d5875149452285a29296800a29296800a28a4a005a28a4a005a2928a006ba8604300548e41a14051b540007403802a86a975776a8268218648d01690bbed2063a8f6ac8b2f16c774d718488ac31ef237ed239c7cc4f029a4d8ae8b5abf8574bd480668162980c09221b4f1d011deb94974ed57c35789299679ac918169914602f618cf627a1e2ba11e2d823921498408d23152ab36f2147f1640e41ed5a5aaead6d6b67e63a34d1c990c808040e84e0e0d3575a30ba39cd375837f03dacdabada222f98ae8cde732f52589e05638f166a3633dcc36f7ad756f16489641e67cbd893599adc9e1b9a42da709edd82ab282731b1e9823048c7ad25bebf128b749ad2d8200447b00dd112c0976dd9249a7a321cac6b69fe38bc82f6596eb7ca8ca3318e0640e8be946b1e209f52b77bab5b66b777568de407efa1e0293803bf5ac3baba65966bf86c04710d8652595c286c82554f3826b2cea12e582c863881c10ac5549278c8278ce2a76766439346e88e59e58e4bc73340cdcaef5428028e7009c135ad7936990592c104652590c6d23cb86693072339390092319e302b8d9afa592c85b39456520ef3180cddc738a6d9df2b3bc7719532e14bb315098e01c77c7a535357b21f3a5a1d52ddc6e22865262857734d1ed0e4290088d141c601ec40a93579f4fb4b461f68bc69670a42b1e48c12031ec391db35977fa9c4b6c90c4a925c46c7132a6d6718032c0e7248aa7b4ea45eeafa65f3b20a22205671d33c0c01449bbe83e67b321d5ee23b9657489558b92e067193d0293ce001c564ce09dcbeabc0adbbeb8b11a7adadbd9a79c1c486e012c71820a64d62b02c4f22a55fa9b435899b28db3ca3d0d23004633f29ee0d4b3c645d3123b0fe551e090bb70541ae84f422d664e95d07836f63b0f1158cf248a918936b39e8010457379fb8c3d6b634178d357b2670a544e84861918c8a76b81ea3a8182e11a768ac268e63e4fda210639109ecc0e735634ed7748d33448a4132994ae65404173263e627f1aa3ace9ba579f35bc6f2d8b6d2ce8e8446ebdca9ed557c39e1fb382192e7513ba1b79981279594f04360672306b1b2ea0dbe86f69da96b5aa6d9a2823b7b6700ab38e48fc6b766dc96e198e5908248ef83cd64693e214bc9efd26896de0b423f7ace3041c9008ec7029f7be20d3162923fb4ef6236fc884f352d36ec90d6c6e9a2b2e4d5046a923da5d081c1fde7964edefca8e40f7c51757ff00f12e17f67209614f998004975ee077069598cf9ea33209c18490f8e99249c75249a99591e465262b75f2cb743818ec072726963588003cfda172338f9973c0e7d0d219638e05480ab3b13bdb0437d48248c56c9ddea72388e49562b32de62f9ae42845fe003925bd0fa5496ff68be8a4f29d30a01913239c7f16091922aa25b4f1dcaeeb66db8dc59d782bdcfa11425bce8893a4328889004a39191cf04e39f6a724993668748842ab1ebdfdc11d6900c3b52b4865dcccdb9b71183d703a13454a56563a62b41cbf5a41499a5045265a1ae79c03da978d838fad36470bf8d2ae5b680324f4a6b613dcde578eead25b2b9b18a38e2404dc463736fec58f27a7181cd505920bb6b6b6940b75da479c72dc93c9603f4154f4bd56e2d2f953cb92495491162420a3762a41e9c7d0d4b1ea725c21b79e28556690c91b7216224e38032703d2b596a937b9c9657762f69d6de75e9b4b99255041f2e5231d3d8e392768c1abbab5a0d24f9539566700b7460e47038c654826b213ed13cea0ccb1ed6da58b1c0627192064926b5b5ab7bdbbb98dee65b3f2502c692da81b483c8c818344229c5b5b83ba690c8a6b436216666329397223fde723040624f02b3ee2dbcc8e598797b370088c72c07f3c015bc9a1d835a5c5e8ba8e340c4451798739000e724e39ac3bf0b6570e9132c913670e06158faad29dd257b129dde844d14ea851da3465030dd770ce739a36c912caf1cce1da3085c46549cf51d40c1ef4fb799ca3c600666e48383c0f43534722b6d8ee8ca46402c31b8f1c81dbe9587334caea67d9dcded93ef8642a32d84faf5c81c0ce2b62dee24bbb8dd713a879a300fca54393c8e3bfd7a565c6fe534ae19a4032a1cfde519e376076abbf648094972d307420632bd7a1e3d2b5751f2b8a674e128ca5554a0b613cb682e36195b703d4f4e7b1a6df5b3453f9f2222a4e320a1e411ea2acaba19300a995800b9e07031d7d6a9ea5f678d18446e3ed2af82e57024c2f248c9c7358b8b6af73d2cc2a2e4516b5ee57701e5280e50f20632090319352f92c102c4571e660678e47383541b7050ef90a7a641153b3140ca91ef704128cd5314d2b1e2a63e2ba69add6170b2279acc14c87000393d3d40c668cb42cf9c292bce5b0a01e869b2441821825dea472dd3693cd44b1b1660c0ba93b4ed6ddc9a1b15d132c8c1d4f981d719c91c76ec6a23312f953f2e71eadeb834c711c49e5a292d8030dd80f5a8d0c60b024286c1001c007d39a3974ba07d917965de0cc542a93c7d7bd478f2d37a1c2b65b2463a75009eb50c643286072e32020c6187d7b548dba0da92aa740416e42923fa543483616470f8d910576241e7af18a870663858bcb5da33c63611d4faf1534812595bc98830c9049e4839cd3bce7545121da18138ee706a6ed05d956daccfcb978cb0270c1b839f6ab3146d0c88ccb96662aea4e540231c0ed8a6798acb23ee04f50a6a192e643f3cb1ae318f5191c03ef43bbdc7d493f768cc8515cbe42337a7424ff00414d541005668771c6724f381de85b92f1ac6049d0e491b7711ce062a3f297692254588649751f786791c5095b7192db48b2caf1ac823f307404b124f2714e592dd33b897c81bd71b87a7b722a031c2be5f95b949200dbdf9a7bc644a7cb50548ef9c60707ad572a7aa076268c80ecdbc0623692c3ae7ae314c9a60d8490fcab8219460e4742714b19dfbd9e4dcc71b1147423b37ad070399a30c1c0fa803b7bd4a5aea000ac992c70c09524fb8a258fcf2896d9329230a01c03ec3d4f61562cac6eb54ba582d10c98e497c2aa01dd8f615dae93a65a68f034b14aa655044b7d20c05cf5118ade9d26ddfa068b5666691e155836bea8ad24ce38b384e19bfdf23a0f61cd696a7aada69b1ac2eb14cf10c476b0e162847a1c565ea5af349bad74b568d581df29fbf20ee49ec2b9d799231942b239e929195cff00b00f53ee78ad93495a3f78ed75765ed4b51bbd41d65bd998211fbb4039207f75476f73c565cd79b5596202342390b27ccc3fda6e33f41c5549a49a66607765cf249c96ff00789a864498619486c824e39c8a8bab932936b4d8d3b2d53ec89c4513a6781e5fdd2411f2fa1f7eb554157930aa030e3e6a89408e01312369f9420e09a7e4c9f79b6803803b537768cd46cee4ea5ae8476e0243129024971bb19e09c772476155e4118f295150b29397f507d7148e420272369c0150b484ab3a64ecea7180327da96af62932c30882a3f999c12808073c77a8847b81d8ac2439c608edea4d30c824c8c7dc5fc853a32a1f96272067d6972b5a89aea686936126a7e68b7961468e3c91713280c47a648ae8fc29a3d95c9b9b8b9325cc484c7b047cee182483ce47ae2b936577559a38df610363672188241fc7da9f6faaddc6cb6e8ccd80504424214e7af02b58b5d519eab527d52d1ac2f65541b532407f2f1b80f624e0d449135cdd469131dd2b2a03d073c006b46196def906eb891ae02e4dc3fe8aa38a821d2ae2e26f26ce279ae220de608fe6ddf328047fdf40d0e2af74352bb1b79a64ba75eb45732aacca37870c36eeebc11dfbd5e5d76e4da35a4574ea2539966c61a4c73924f208ab2ba634c96d6d696aad3cb0bb4f72d26e665ce0824f0082318e0d61c76924d3bc24b46ea18ed55249900e001dc5746a9590249eececfc27a8c1f6592cd2de00ac5c02dc3483b03db007a9a9af7438825ca69e18adc1092c084009e858e78159ba168577617522c8d04375120940b8cf95329e8720820f6e33834f9b5bb0d4de4454fb06a4182472249ca93d08618dc9ea0d6b1daccca4b5d0e6751b6169772989c8f2884297046e63919e0761d735a7a46b12d9cac998576819f3154f5392030e704f7ec0d453d9ea179347717688cf2930304da8cc5464918c8e9d38aab61a67f69ddfd8a3cadc0dc03281b4e00009f5049009153aa7b16926accbb71a895f12b5ec964b034c156e21f3032962304d752cab698b38a5792deda54b98526c9e0380e33df696ce790735c0ad84f2ddbda4ccf0ddaa848ede404f99db6a9ed5ba758bebdf0eca6e2d51e0b18c2473203b924030370eca46e04d38bd6cc2506d2b1e83f6b5170f6ef1b2ce89e632641f9338dc0f71915648aa5a5d9c26cd6e0c925ccf751a48f71291b9891c631c01cf4157a3991a2562c3240cfd7bd52918b88c229b95dc5723700091df07bd4fc1191c8acdd6a43650aea4a07fa39224cf4f2db824fb03b4d3e62796ecc2f881a89b4d23ec7111e75e71f44159be1cd674fd2120b587c86460ab24a848772464b3679001ed5956dabb5df88a3d4f538fed0d6e9b6345521377452dd703bd6bccba26ac56ed2cc5c5c98dde6b7b7531960324863d01acd36db68d1c6c922ddc6b1a32df4af737d793c2e55c22960a09f503190315069de26b4b7d5ee8995e78277051638f0235031bdb3598e62b7952f6db4855bcc29b68a352ea0e4821c1eb8079381cd502968f653dcddc3770aa10634b3dab17d18924e4d36e40a9ab9dd6b7aee98b6885255badc3cc44598c71b8071f31e323dab956b5b8d4ed25bf5b28ede090128f9da8547042c63078f526b02deda479cb463c8573b86edccd18270307031c9e4d6e40f0a13a55dc90da35b9c977639620671b8038048ac9c9df546b1824ac54b4b0b2bbbfb7b0d8f1ba2aa805485638270c464827a1c568586b0ba1eb4e0c4d0cb01118b5b81e7ec5efb5857471e976ef62aba6417b7134e15be5997962012ed302480455a7d3a4b796d86ad7bb04719b7f32de31b5142f2cc4f391d335939e96474469db739af1269169ac4f0dd59e9f0e9b1cd83f6d5936c2c0f72b5cc6a1617ba1ddf97318d867e4b885c346fdb208e95eb9a7785d3786bfd565ba4857096e1b2a7382b8272483e94fb7d3ecac65d7a07b7b68f4b8d610d19883e3e4ce31dce5b8acf9d6c6ea1dcf33b7d662bc0b0ea8859b18170bf7d7ebfde1568c33e9f325fdb4a8dd4477691875e78c303dff0022299ad785655f32eb4eb592d6dcb148ed2f261e6b903276fa1ee01ac5d3355b8b091bcb62548c49138e08f4606b68d5d2dba31953d6eb71f751c96d78d76668bcc2d942140593b640208cf3d0d7797f6be19b4d2e19ae656fb54ca248da29ccab6ec3928a011802b9d852df52899f4f0048c3f7968fc86f5da7bfd3ad477074e1f67274e964b786222e2d5a762cef9c061e800ed44a926af0d50a32b3b33d0741f10cb79a69b7d19a1b8366a0133332cce80e37e029009addfb77f64b07d635852769cc7b176fd72141af3ad016e6e61ba4d087f6428648c80e4cb264e3041f41c922b5e7b51a5472c9aa5deaa60662c64431801c0c005cb31527d2b9a4b53a62f43d0edaf6d6effe3dae619b033fbb9031c7d0532fb53b1d3b67db2ea18379c2ef6c127d85794e99e289f7c718368d10c052a184d93d019001934e8f5b8ad2e1b7470994677dd4d6ccee000010327e5cf6c702a7943991eaf6b7b05d1610481ca804e01039f7356ebc5b57f1214b8f2743d42f2dadb0010f21552c0725724900fa564ea9e26d48cad6d26a725c5bc6d8189490f8fd483428dc975123dfe90104641c8af16d7bc537b7d6f0017a64b70a032c2a638c10071d49357346d6af6c2d16783508a0898923ed4ec236f645c927dc9031459dec5732bd8f5b46575054e411c114eaf38f0dddea17f76649c5ddc6e3e62a5bce110127ab107f2af40b6c884031bc78c8daedb8fd73939a4d58a2c5675deb5a659ca62babeb7864ee8ce011f5ad1aaaf676ce72d6b0939c9250139f5fad004706a96171b4437904858e06d901c9c66ae33055249e00ce6b9cbef0568f745e48e16b595b9df0b95e7d71585a8e9fe26f0fc464b2be96fadc72536e594039a764f613762e7892fecae21759adee2de3958b4773928aec0641391d78c0ae06eadee896b849ed7ca690a08848a8ca382460e7200e055ed475cd4a595adb5369e294b92565668c32900636f23b67005644b6e12dd9a51334ab825a3c3a8539003119c1aad56c44a469595e35ade4b3b33dbba2870b0aeede41079c0f7cf3815bda5ea31cba7e004b8bfbf90a18666da4124952b9edf3735c6d95fc8856232e60e570143638c720633c7635664d4e075cc303c7383c88c8dbb4927041f4e80f5a69a7b92a7a5cd0d4acac61be821bd86e34f2caaf282379cf4cf2001ef8353c3a4687741e27d4e56cb0f2ca2162cfd0e49fd07a554d1b58d35a378efe37846c285c1dd827a100838ab7a6e9361ac5f27d8f7c56ef98c79728695bd59812001f4a1d96c3567b1857fa6476d767ecd742f21889c32609c019c6d2412077aaf6974aa5d5e341821d03a82a38c11839c822bb06f0858dcce4592dea9864d937da806518cf61ce09aa17fa3da696b0b40f0cd7fc3bc327ca8ca4e303241e09e338349a6f525c19ceb42ed02989a36fdd8c1cb1638ce2a1fb3b34a1d012800673337270707a75a9ed4091e22629e489490c2338dfd4e0924051ce09a65e5f234ceaeca21948277966099191903196a951ea434ac68db68c0473aa6a108ba44320456fbc3192589f403a55cd0e182679a6ba16761000a7ce99b738c9fe18c93927dc605733009a6dca0c5187e819b6ed032700935a16f9864488c76e1a001c4d0ab48d213c00083c1aa8d8a4fa126a8d035c2c76329b881632c0ec6464e7924124648159a464c9e839fcc55bd6230b7eb30bbe1986621966c10382dd07a62a9b1c3b06ced603fad4bdcde95acd22b4e479aa0100941510c6c609d700fe669d731fefa290f0421047e355e12d997bf3802b58dac12dc9a2dbf32039da7f9d5886468595d48dca4104f6c1cd57500367b9001a94805183671569f5219dcea9e317d5eda22d6e62d42d1cb838c02a7823f1acbb8f144e6d5ad6ce222169bcc5dc72402a011fa569c1ac6997df658351b150d85f2ee028568b239258751eb9acabd8add6fef0d9463c958cafccd81c1c640f4279ac6524b625c9b5a32de83a809a616136e02798b1942976663c0c01d4f615eafa769165a6c64c31857618695b058f6eb5e37e1279e1d663ba58f0630dcb1c28382462bb47b6d4f5570f7934d696648412c80904118381d467b1381459d90e9bd2eceeac9c35a427702760079ef8aa1a8e90d34a6e6c6ea4b4bb008dc98d8e739f9877aada4681a7c399c299e50e46f7624707a8038ae82a5e9b1a1f354568f7326c899b39e771c75f7350088c2ee371c8c83d73f418ad7d36367bc8f188d18e10382176fb1e722b520b68edee2e4dddabc6af13b12aa419303855c839ad23cf7b74396eac726c7130246e4078590938ef83d0d4918dd20716b1336e1818c8c7b824e456edfd92c8ed82854289044482db7d4900818accd42dbec8e219cc7e53fcc7632b107d411cd549bea32bb15dcc5631181fc206d00d19a92e76eec296230324b06cfd0d442a7a1bc761734a0f14d38ce682702818c7dcd23038da3a54f6b134d71144a541760016385049c0c9ec2ab838249e82ae58c06ee78a04da4c84280cc1473ea4f4aa8eeac4b3a8d3ff00b07edb20d4c247c2f9613062872a3728e4f05f3c0aabae43a6dc5f59dadb5f23b35c98da5655ca0270090300afa541a968769a55a7992cbb352f30ed48650142019c8c5437704f6b6f6f7f2465629b0f6ee71bb1edcd693a8f54d1c7caaf7b96f4dd12f6fd5161ca98e42217442627c0e707ebeb4fbfb3be5796f1d6db2afe4841c33b0e060038c9c763599a6ea7a8594f6724126d48492abc859393927d79aeaadf51d32ed04d34324736c2098c00642410707f840cff000d2e6a6d59e836a4b6391b91791aa12a71247bf851c67d7b558921beb068e27b124ecc19641f2e4fb900606715d02dadbdadd3c402ea32ca830fb829ce71f313d73dfb56d4fa61d344734b7682de491e4961881667e3841d72a3be455469c1e8d89cddae8f3b491a32a1c06da7b8c7e071491cad9084718c03e95d66bb069f3456f3a4487ed917ee86486849e8303a8e38cd72d796f140ae18b2dcab942a78c2e3ad6356928ec0a49bb0fb28d95c3c2786055c1c1e83823fc6914ce2672412107017d335369118746958a1738544dd8238ebee4d4c23ccac0a606387ea33592bdb53dec1feee8f32d5b293cea73139d8dce08c645569ee25911a495ce48c03c8e4f00d4d730a413e594312429400e4f7054ff3a89636d988ceee0a90d21e49ee33d31e953d4f3b135a5564dbd3c88d8f2a582f6c0240cfb71dc53d800849562060823a83fd4d10e44643c6636425471d4fae4f426a296428ca501079ebd9874009a4afb239874710dc5919515b009639193e829d2f9b1db1600b7cd82e3b11ec3b5318a26016467240279238e7ad2b812cafb24790100fcb91c7a63d293d7724ad72c5640ef231590672ca72450918908caf72385ede86a7d91a22a6e76dcc092481c1ec2a1799228c20625813819c851ef8e4d5a6eda013440408ca1964e47cc4722a3f3151d7702cbd4e0e32299e73b229f9b001ce5b27db00741f5a0a649793e65001f98f2a4f4149c6ceec76d5024ed048e91ca57ccf95c2e0923d89e951152c5be4df9f941dc4003ea793528f2f61dc021c839c73f9d31ee214f99b79941e00e0545df41ab91ef1bfcbf2c46c3a8192b91dbdbeb568cde5052cc060641dbce7a1aa3210d3ab82557a1356c462369222778719048c018ee71d48ed54d2ea3b2182426044e4042732fa75a57090c22266c1c6463a91dbd78a552ca6644de514011b6065ce7a1cf4aad732c72451e301d79381c807268516de80f444c239648d7cb2ac797247dec0f52693842a9b890402476fc0fa53440f0a99242f19233b4e006a582e7238652df700ee462869ec82e2c5246c30630aa0f41c9fc0d6be8fa15c6aefbc4af6d6511db24cdc9fa28eed53f87bc38d7f8bbbe8dedecc0182386b8cf65ff1aebb50beb7d12dd14c71f9e8310db0fbb08f535ac292b5e5b025d0522c743d355190c16fd52107324c7fbce6b95d57569f5360f337936c876c68a3201f4503ab556bdbb9aee737176ed23b8dc109c647ab1ecbfcfb566dc5c49e6864753818395032338daa3b2d5ca5756d9068985ddf2e3ca44f949fb99cfe2c7f88fb741555e60d2962a59ba8f7c7a9a000c5964006092178f97f11daa1936a3b0c855383d726a6f7d110eed965a70118850723a9e0d209d5d82841b48c1e3b55524301857041f5e08f7a9136ef092361b2051ca84d31d3b9054b0ec4607403da923c90a371dc71f414170c0970a57a60fa54d1595d1f2e58ede5916424464292188e48f7c0aad6c26df521980645500e003823a0ab56ba45cdd11f676b7949ce22f380638ed8a58fed6acd0057f3724bae0161db9ebc735a3a65cda5bdbde48e516536e7cbe0868e41c823a83935705ad98a57b2b18f36977b64f2f9b6a7744a1a42c0edc1c6413df07ad3e3d3eea781ae2389d8222bc81060203c024923838ea2baa29a962402edc2beede876ed391827180327bd43e12b44875b2b369f77762168d53c9071093821988fe1a7a395906b6bb316d21b692389608da6b8b82008403c67182071f312700e48abd65a34d26b6da649122bc60ef0a1652188fe2c76c9e7d2ba6f8850c62eede4b59523bc89870a0e41e08248c015ccc7aa4965a89bcb26db74e49f3ba801b19c802a9d9349909df52e691e1617d26a168ef08bab725024848d8c0e0b2f622ba1f0ee89358ebab019264686d0bb92bb064b6094209c8245665bf8ad6e1d23b98921995c94bc85402a48c13838c838e413cd2bebcba86a844cd610b3db792d24bb9a26f9f21801dffd935514ba0d2bee5ef11bdc697aec575672c2f7124604a1541f332703728ea4004d735a8eab2cc48b6b4fb279e030206d7207409fdd15bfa4c366dabcba85dde406d21096f1cbb4a095f68c94039e2b7f50d12dde4df2cd14912bc64af05d428000f61dcd5f35d6e56899c1feff00569618af567f360605fed1231c2838209272320e4d6eb784fed00ba471228380b1ce245c1e4801f3fceac596961f54bc513b430ee692347752549e4a852492b8aa1aec17d6301f29664b49000ed6e080e3b023a2ff003cd5376572797b19d6d72fa06b6cb733c3771236e0eac5806c103767241c55fd53c4767e4afd91176c5279b65343c1b76ee181c02a7a102b979b0aeb1cad2ab2e4156e085ce0838cd367b6c34a1640573946dbb55d80c1005473bb6c5f227bb3a5d6b508fc496ab0c562d0ea103198387cb6ec728b8049c9e41ac04d4e6fb5c92e4eeb892337017004a43a9c91d3923349a76a37ba0cd0dc944d932064f9832b81fa8c526af25adf3de5ed9a7926526430ab67cb24f38381904f3ed4dbd131c5a4ec77969792680f7eb1c2f3e990dc3798a339b6dc77ab0ffa6641e7d0d6de8f7f0df5d5e7903fd1cb97825078980c0908f401eb9dd03585d444af0491acf7d014ba4933859553e561ece99ab3e0a9d97c3fa6a3bf3691ace36af0d0b92083ee0d0db33946e99d68502b03c77762c7c3175fde9f100fc7935d2118241ed5c17c422750d6f45d0d0ffac60cff00f0220536f4269c6f225f0f785d46816af72163336279115773480f203135d5c56ae88a91811a00782031e7af27b9efd6af796a0aed1c28c01e82a6406a6f643b36eece5ee34f3637f6f3bcab15bc3132a381b4a29741c918e39ac1f13e95a85e5fadd5f98e1b088a2c45572d202d804803863d40aeef5630c6d6c6639493cc80a8192c5972001ea4af15c6bdf49697335beb31cd1cad731b412bc6cd1aa4786c80382780001d09e2a39db66aa0934ca03c30c85e56d51a1c95125ab46a2575ce1405cf53d2ba3d33c096f144cfab37da2797873b8f73c2e4d109b084adcebd7321b824c91c0f2305b70c00c31fef1ef590ba9dadddebc560a2268a4044375767ca241c823273923a8a9737b22d411dd0d2ac2ce04623eccb0a04f3448632147ab022b32511da5d896cf55df34bf7fed0827cc79e42aa80cc734fb17d1ae9adc5ec2d757814c9b5639268d0fb0c633f856d2ea9024b2225b3c202821e588c2a7d402464fe02b072b3d8de31eb7306d45d787aedee6449a7b2949334de56df2fdc0382a3db9157bc3934f79a7fdae388017931ba79253c0c9f942fae00514cf105fbdd692b66b3c514ba8b8b70aac095527e724f6c266a69346d32e9ff007cf797d18408b106222403800050054377d4d12b1cdea133eaee62963b78a5703ed2f2a11126d390546493f5e33583e29f08c0b0a5fdb6a09701d466e1a4550180e7681cb67b28aecaf74bbfd52678dede1b0b558c47bb71791d7a04ae4cdd5e689ab4b1db45630490b18d44c4158c67a82480070a3239aa8b7d01abbd4e0b33595caa93e5ca0e411c06c7ea0fb1ae8ad3508355dab74c21bc1f726e8188ecdefef5bd3e95a4dd594b6a7568af26f343ce6188b1909e46dc03b873d7a835cc6b7e1cbdd1552e5a2b9164d8092cb195643dd581ec3b356d1a8d6ab46652a775666bdf6b1ac854b69caccf191859002cc4640209f4cf4e86b2ad6fdacbf7c9a9c7f6ac8730c837a60fb9041707ad3f4ed4e29e25b2d47ee8188e6ea53fc456c59986cc4ba7dec56eb15d90c2eca03ec0b301922b594633578ad7b18a6e2ecdfcce7755bebfbb916e3500df67f3080eb098e227d0600ad26d5efb4bd2d74b6586385c34813e60d2039009c138007615d0ea7a4683a6d911a4eab19d420cb3346cd2b3b6318da320123bd622787651a6c332e9b7124ee0bcb2ca1f6ba8e88a00efdc9ae7be9b1b723bdce5da1b8ba8a49e08da448c03232ae1501e33ec3dcd45b8a9656396008538e0115dceb1e1dbad2ade081639ae6d49c5c308d95724e7a000106aadbf8423f2e3ba30dccf65306e402ad1107b0239a6a48974ccfd274a816d65b8bcb49ae42801c0731b420e06547393cf15d6e9b65e1c9ae21d3f528a4478a1d882443193b8e7240cf3efc543a1e877f1d9975609628093b5f04f6071918233cd75ba2db5c1f11dcaea6229a78211e53819e09ebcf73532776d9aa8a4ac43e1af0f5ef87679a4429359b0e0203e69503804742c2ba9b4ba82f22124126f4c907b104704107906ad5370324e06718cd64ddca1d494b450312968aa5a9dccd696865b7b67b89721422fbf73ec280399d6357b89aee5b1b8d22de48e320049479a5f2481803a1358335a6a8c52d60d312c6dee3e758caeedeca3b804115bd6de34d3eeddac753b39add98ec2b347f78fa11daa0d79522789349bd25de51f22c992a49c1c1ce483d0819c568ae9d89766ac727a8c33db447fb521b22eca7ecf2b42158804820fa37a0358faa5a595d4d0a69ccc0b91913008aa4f040393815a4f6d6f6823b966498b15f9263b91f3c10b8ea430e6a4, '');
INSERT INTO `user` (`id`, `name`, `email`, `password`, `role`, `pic`, `barangay`) VALUES
(4, 'Charlie Jay Primer', 'adminkimaya@gmail.com', '$2y$10$sVkfJg6nmO8PoNCFPnTXO.LsFQXG9prO13IGLn.CVQUwqTzBayK9G', 'Admin Kimaya', NULL, 'Kimaya'),
(5, 'Lovely Vanessa Tomimbang', 'adminjampason@gmail.com', '$2y$10$hUoyRVDAjCP/lAUsNJWHXONPNvZbuWvjlweRtGRJ1PtoSkun6Ghmi', 'Admin Jampason', NULL, '');

--
-- Indexes for dumped tables
--

--
-- Indexes for table `activities`
--
ALTER TABLE `activities`
  ADD PRIMARY KEY (`id`);

--
-- Indexes for table `attractions`
--
ALTER TABLE `attractions`
  ADD PRIMARY KEY (`ID`);

--
-- Indexes for table `barangay`
--
ALTER TABLE `barangay`
  ADD PRIMARY KEY (`id`);

--
-- Indexes for table `cmmnt`
--
ALTER TABLE `cmmnt`
  ADD PRIMARY KEY (`id`),
  ADD KEY `complaint_id` (`complaint_id`);

--
-- Indexes for table `comments`
--
ALTER TABLE `comments`
  ADD PRIMARY KEY (`id`),
  ADD KEY `activity_id` (`activity_id`);

--
-- Indexes for table `compcomments`
--
ALTER TABLE `compcomments`
  ADD PRIMARY KEY (`id`),
  ADD KEY `complaint_id` (`complaint_id`);

--
-- Indexes for table `complaints`
--
ALTER TABLE `complaints`
  ADD PRIMARY KEY (`id`);

--
-- Indexes for table `household`
--
ALTER TABLE `household`
  ADD PRIMARY KEY (`ID`);

--
-- Indexes for table `households`
--
ALTER TABLE `households`
  ADD PRIMARY KEY (`id`);

--
-- Indexes for table `officials`
--
ALTER TABLE `officials`
  ADD PRIMARY KEY (`id`);

--
-- Indexes for table `pictures`
--
ALTER TABLE `pictures`
  ADD PRIMARY KEY (`ID`),
  ADD KEY `AttractionID` (`AttractionID`);

--
-- Indexes for table `residents`
--
ALTER TABLE `residents`
  ADD PRIMARY KEY (`id`);

--
-- Indexes for table `rest`
--
ALTER TABLE `rest`
  ADD PRIMARY KEY (`id`),
  ADD KEY `household_leader_id` (`household_leader_id`);

--
-- Indexes for table `user`
--
ALTER TABLE `user`
  ADD PRIMARY KEY (`id`),
  ADD UNIQUE KEY `email` (`email`);

--
-- AUTO_INCREMENT for dumped tables
--

--
-- AUTO_INCREMENT for table `activities`
--
ALTER TABLE `activities`
  MODIFY `id` int(11) NOT NULL AUTO_INCREMENT, AUTO_INCREMENT=19;

--
-- AUTO_INCREMENT for table `attractions`
--
ALTER TABLE `attractions`
  MODIFY `ID` int(11) NOT NULL AUTO_INCREMENT, AUTO_INCREMENT=3;

--
-- AUTO_INCREMENT for table `cmmnt`
--
ALTER TABLE `cmmnt`
  MODIFY `id` int(11) NOT NULL AUTO_INCREMENT, AUTO_INCREMENT=7;

--
-- AUTO_INCREMENT for table `comments`
--
ALTER TABLE `comments`
  MODIFY `id` int(11) NOT NULL AUTO_INCREMENT, AUTO_INCREMENT=10;

--
-- AUTO_INCREMENT for table `compcomments`
--
ALTER TABLE `compcomments`
  MODIFY `id` int(11) NOT NULL AUTO_INCREMENT;

--
-- AUTO_INCREMENT for table `complaints`
--
ALTER TABLE `complaints`
  MODIFY `id` int(11) NOT NULL AUTO_INCREMENT, AUTO_INCREMENT=12;

--
-- AUTO_INCREMENT for table `household`
--
ALTER TABLE `household`
  MODIFY `ID` int(11) NOT NULL AUTO_INCREMENT, AUTO_INCREMENT=3;

--
-- AUTO_INCREMENT for table `households`
--
ALTER TABLE `households`
  MODIFY `id` int(11) NOT NULL AUTO_INCREMENT, AUTO_INCREMENT=16;

--
-- AUTO_INCREMENT for table `officials`
--
ALTER TABLE `officials`
  MODIFY `id` int(11) NOT NULL AUTO_INCREMENT, AUTO_INCREMENT=25;

--
-- AUTO_INCREMENT for table `pictures`
--
ALTER TABLE `pictures`
  MODIFY `ID` int(11) NOT NULL AUTO_INCREMENT, AUTO_INCREMENT=6;

--
-- AUTO_INCREMENT for table `residents`
--
ALTER TABLE `residents`
  MODIFY `id` int(11) NOT NULL AUTO_INCREMENT, AUTO_INCREMENT=9;

--
-- AUTO_INCREMENT for table `rest`
--
ALTER TABLE `rest`
  MODIFY `id` int(11) NOT NULL AUTO_INCREMENT, AUTO_INCREMENT=40;

--
-- AUTO_INCREMENT for table `user`
--
ALTER TABLE `user`
  MODIFY `id` int(11) NOT NULL AUTO_INCREMENT, AUTO_INCREMENT=6;

--
-- Constraints for dumped tables
--

--
-- Constraints for table `comments`
--
ALTER TABLE `comments`
  ADD CONSTRAINT `comments_ibfk_1` FOREIGN KEY (`activity_id`) REFERENCES `activities` (`id`) ON DELETE CASCADE;

--
-- Constraints for table `compcomments`
--
ALTER TABLE `compcomments`
  ADD CONSTRAINT `compcomments_ibfk_1` FOREIGN KEY (`complaint_id`) REFERENCES `complaints` (`id`) ON DELETE CASCADE;

--
-- Constraints for table `pictures`
--
ALTER TABLE `pictures`
  ADD CONSTRAINT `pictures_ibfk_1` FOREIGN KEY (`AttractionID`) REFERENCES `attractions` (`ID`) ON DELETE CASCADE;

--
-- Constraints for table `rest`
--
ALTER TABLE `rest`
  ADD CONSTRAINT `rest_ibfk_1` FOREIGN KEY (`household_leader_id`) REFERENCES `residents` (`id`);
COMMIT;

/*!40101 SET CHARACTER_SET_CLIENT=@OLD_CHARACTER_SET_CLIENT */;
/*!40101 SET CHARACTER_SET_RESULTS=@OLD_CHARACTER_SET_RESULTS */;
/*!40101 SET COLLATION_CONNECTION=@OLD_COLLATION_CONNECTION */;
